,mean,min,max,median,std,coefficient variation,skewness,kurt,signal_power,rms
x(m/s2),0.7911435062027444,-4.779663,4.0307097,1.227518,1.2888961322989967,1.6291559270773999,-0.3183789493457601,-0.9011011014026682,2.286591389066595,1.5121479388825008
y(m/s2),9.459348333893654,2.5292134,17.650656,9.487542,0.2851119196374373,0.030140757013446363,2.400412928304268,362.926715660142,89.56053182227289,9.463642629678748
z(m/s2),-1.6849817899451118,-3.885944,-0.5395815,-1.6510476,0.3065140502828341,-0.18190941416216658,-0.466637877937695,1.2640606418995555,2.9330822653257314,1.7126243795198441
x(rad/s),0.00016780445394168087,-0.20998476,0.38728827,0.0001527162,0.02798253112816923,166.75678428591854,0.9989694375843814,20.36542827652191,0.0007827815884753217,0.02797823419151612
y(rad/s),-2.776655204116649e-05,-0.58322316,0.32879797,0.00076358096,0.05851816959773898,-2107.505804501054,-1.6458809713886395,16.983457667727894,0.0034232022009386093,0.05850813790353107
z(rad/s),-0.000980788971691252,-0.5676461,0.5516109,-0.00076358096,0.04917242154048311,-50.13557753987712,-0.7915458132446727,24.654204634319008,0.0024180595096181656,0.049173768511455024
x(μT),14.909048619210976,10.556251,22.2,14.45625,1.9645007863526451,0.131765670401081,0.2180515213766586,-1.0445908211263617,226.1376701370419,15.037874521921038
y(μT),-21.032959422641508,-24.225,-16.03125,-21.13125,1.899197343827125,-0.0902962491233013,0.6470530626323858,-0.5132655692196222,445.99109524945214,21.118501254810962
z(μT),-10.38620109348199,-18.6375,-3.9562502,-11.4375,2.9842329074389022,-0.2873267020904978,0.31949725551185704,-0.8882180186028759,116.77576408995192,10.806283546620083
