,x(m/s2),y(m/s2),z(m/s2),x(rad/s),y(rad/s),z(rad/s),x(μT),y(μT),z(μT)
x(m/s2),1.0,0.1804135980720169,0.10177828771073737,-0.01202893561488087,-0.027194028313553786,0.020962506753133773,-0.5760600027382993,-0.6525559538718407,0.1348896013365867
y(m/s2),0.1804135980720169,1.0,-0.4946988853749606,0.39529922311333365,-0.024364826199008663,0.15064051682899926,-0.1975739223458388,-0.2711290849886699,0.059609779052359375
z(m/s2),0.10177828771073737,-0.4946988853749606,1.0,-0.24381979532351788,-0.1692815419119682,-0.07123946165010712,-0.09700684109974458,-0.10825011311730277,-0.05733906958804143
x(rad/s),-0.01202893561488087,0.39529922311333365,-0.24381979532351788,1.0,-0.13521374644965659,0.20471858016457034,0.013997731019465968,0.0023585247162272527,-0.006013929449688023
y(rad/s),-0.027194028313553786,-0.024364826199008663,-0.1692815419119682,-0.13521374644965659,1.0,-0.17499725203302585,0.058835778449622685,0.044263034343815254,-0.027931500645185254
z(rad/s),0.020962506753133773,0.15064051682899926,-0.07123946165010712,0.20471858016457034,-0.17499725203302585,1.0,0.005447681612160851,-0.014963480871833192,0.00663810625559879
x(μT),-0.5760600027382993,-0.1975739223458388,-0.09700684109974458,0.013997731019465968,0.058835778449622685,0.005447681612160851,1.0,0.7807458989067488,-0.34539908889526477
y(μT),-0.6525559538718407,-0.2711290849886699,-0.10825011311730277,0.0023585247162272527,0.044263034343815254,-0.014963480871833192,0.7807458989067488,1.0,-0.2369659371028151
z(μT),0.1348896013365867,0.059609779052359375,-0.05733906958804143,-0.006013929449688023,-0.027931500645185254,0.00663810625559879,-0.34539908889526477,-0.2369659371028151,1.0
