,mean,min,max,median,std,coefficient variation,skewness,kurt,signal_power,rms
x(m/s2),0.24865642463661486,-5.588437,3.9816568,0.46779683,1.5075340834983184,6.062719214681143,-0.328682456553743,-0.8000543387588399,2.333704001402176,1.5276465564397337
y(m/s2),9.334714396822108,6.8051877,13.630714,9.390633,0.4942411901074461,0.05294657866294277,0.1375158026619396,4.976110356426434,87.38108284622153,9.347784916557586
z(m/s2),-1.9408246452649396,-5.9700923,2.774478,-1.774278,1.409315569853028,-0.726142659663436,-0.4067393703413781,-0.3575676872684621,5.752284609883633,2.3983920884383423
x(rad/s),0.0005639685378514683,-0.6838631,0.72616553,0.0019853106,0.18662951606420028,330.92185740572756,0.13158720332387372,0.9844061482854523,0.03481886303973064,0.18659813246581713
y(rad/s),6.124457687737464e-05,-1.1522437,0.8767437,0.004734202,0.19737042492745985,3222.6596213186294,-0.33855693664565156,3.0968634359606426,0.038941632399159785,0.19733634333077063
z(rad/s),-0.0021011005831157166,-0.788321,0.7034108,-0.0012217296,0.12912247122304837,-61.45468344574585,-0.12605847867106282,4.148236306902387,0.01667126809216389,0.12911726488802297
x(μT),16.339618468842833,7.4812503,27.69375,16.7625,2.9904047137823713,0.18301557771894236,-0.028476321801382185,-0.09323305044377816,275.9225631060721,16.610916985707686
y(μT),-20.748964343350607,-24.73125,-13.125001,-20.6625,1.7719654706900023,-0.08540018872112341,0.21694887293043355,0.4203047284297483,433.6582983700787,20.824463939561053
z(μT),-10.135984848943695,-24.618752,4.0125003,-10.106251,4.759101561359433,-0.46952532312194556,-0.1282704808251547,-0.3523541531402241,125.37941302410943,11.197294897612968
