,x(m/s2),y(m/s2),z(m/s2),x(rad/s),y(rad/s),z(rad/s),x(μT),y(μT),z(μT)
x(m/s2),1.0,-0.19591889853018163,-0.10910014934146446,0.06520575615717977,-0.018381284056241606,0.08947155674520679,-0.16542437671844218,-0.033904968339852556,-0.025012162947438927
y(m/s2),-0.19591889853018163,1.0,-0.4536049521067005,0.1556506273943777,-0.029696378084319623,0.10420447557430447,-0.01161118313327666,-0.011921455729087383,0.005234641401451034
z(m/s2),-0.10910014934146446,-0.4536049521067005,1.0,-0.02376236430847067,-0.2543189643239662,0.07107765483434983,-0.025058986763466084,-0.006402019293084879,-0.07206801004814944
x(rad/s),0.06520575615717977,0.1556506273943777,-0.02376236430847067,1.0,-0.380202020363154,0.3968118438766405,0.010396298803763165,-0.009463825695944504,-0.03245576450826794
y(rad/s),-0.018381284056241606,-0.029696378084319623,-0.2543189643239662,-0.380202020363154,1.0,-0.4915274952268057,-0.007835753010189612,0.039189198966570596,0.02153035508596709
z(rad/s),0.08947155674520679,0.10420447557430447,0.07107765483434983,0.3968118438766405,-0.4915274952268057,1.0,0.03760503205901383,-0.027183913362923827,-0.003126381232770053
x(μT),-0.16542437671844218,-0.01161118313327666,-0.025058986763466084,0.010396298803763165,-0.007835753010189612,0.03760503205901383,1.0,0.24678903758858742,0.42225941442502424
y(μT),-0.033904968339852556,-0.011921455729087383,-0.006402019293084879,-0.009463825695944504,0.039189198966570596,-0.027183913362923827,0.24678903758858742,1.0,0.405510711471611
z(μT),-0.025012162947438927,0.005234641401451034,-0.07206801004814944,-0.03245576450826794,0.02153035508596709,-0.003126381232770053,0.42225941442502424,0.405510711471611,1.0
