,arm_x,arm_y,arm_z,gyro_arm_x,gyro_arm_y,gyro_arm_z,magnetometer_arm_x,magnetometer_arm_y,magnetometer_arm_z
arm_x,1.0,-0.28025687114072756,-0.1367202545851435,0.07476183983889548,0.026479988084955563,0.254210151245465,-0.05466960929149891,-0.01522963434746816,0.034740957052994445
arm_y,-0.28025687114072756,1.0,0.1942879497358681,-0.1402539454125355,-0.03258009772419311,-0.049186535395528135,0.15373358587556102,0.08980363254688091,0.008536584815992614
arm_z,-0.1367202545851435,0.1942879497358681,1.0,-0.18371581800478948,-0.00883849930576027,0.03421699516823922,0.049697118949025294,-0.01195669331520646,-0.043273768991825654
gyro_arm_x,0.07476183983889548,-0.1402539454125355,-0.18371581800478948,1.0,-0.6058045718181159,-0.06965409618116324,0.006302849068788359,0.0011703152446438697,0.03898213415357851
gyro_arm_y,0.026479988084955563,-0.03258009772419311,-0.00883849930576027,-0.6058045718181159,1.0,0.44728003268883615,-0.0048527276774528024,-0.00509578114504081,-0.020723330261904673
gyro_arm_z,0.254210151245465,-0.049186535395528135,0.03421699516823922,-0.06965409618116324,0.44728003268883615,1.0,-0.015835924489726445,0.00566300347476783,-0.044553250518178066
magnetometer_arm_x,-0.05466960929149891,0.15373358587556102,0.049697118949025294,0.006302849068788359,-0.0048527276774528024,-0.015835924489726445,1.0,0.26396059882990464,0.326613568872068
magnetometer_arm_y,-0.01522963434746816,0.08980363254688091,-0.01195669331520646,0.0011703152446438697,-0.00509578114504081,0.00566300347476783,0.26396059882990464,1.0,0.025945580619721496
magnetometer_arm_z,0.034740957052994445,0.008536584815992614,-0.043273768991825654,0.03898213415357851,-0.020723330261904673,-0.044553250518178066,0.326613568872068,0.025945580619721496,1.0
