,arm_x,arm_y,arm_z,gyro_arm_x,gyro_arm_y,gyro_arm_z,magnetometer_arm_x,magnetometer_arm_y,magnetometer_arm_z
arm_x,1.0,-0.13653485223870115,0.06528996661213952,0.19869713425639088,-0.11400931488690332,0.07338136826310339,0.29698551094376363,0.2308549621521434,0.07759486361659618
arm_y,-0.13653485223870115,1.0,0.010578139087943073,-0.07842343117436365,0.16299329023902137,0.060338871015236245,0.20541774030921583,0.1029276572998167,0.23956253754671364
arm_z,0.06528996661213952,0.010578139087943073,1.0,0.14059609696610795,0.03224187745205205,0.0645527863062846,-0.17970649964751478,0.15798131469092488,-0.29366694449519326
gyro_arm_x,0.19869713425639088,-0.07842343117436365,0.14059609696610795,1.0,-0.32001637931872917,0.08984802369427795,0.06394513140621785,0.030547889325663255,0.01572324765492822
gyro_arm_y,-0.11400931488690332,0.16299329023902137,0.03224187745205205,-0.32001637931872917,1.0,-0.11603106836855528,-0.051795055465104815,-0.03657806003021739,-0.01537559213740518
gyro_arm_z,0.07338136826310339,0.060338871015236245,0.0645527863062846,0.08984802369427795,-0.11603106836855528,1.0,0.005176998824990917,0.047853886804104274,-0.027797263454856322
magnetometer_arm_x,0.29698551094376363,0.20541774030921583,-0.17970649964751478,0.06394513140621785,-0.051795055465104815,0.005176998824990917,1.0,0.3620163851058406,0.35047182697852447
magnetometer_arm_y,0.2308549621521434,0.1029276572998167,0.15798131469092488,0.030547889325663255,-0.03657806003021739,0.047853886804104274,0.3620163851058406,1.0,-0.11688687603698351
magnetometer_arm_z,0.07759486361659618,0.23956253754671364,-0.29366694449519326,0.01572324765492822,-0.01537559213740518,-0.027797263454856322,0.35047182697852447,-0.11688687603698351,1.0
