,mean,min,max,median,std,coefficient variation,skewness,kurt,signal_power,rms
arm_x,-2.5687834753346355,-17.537,11.692,-2.46815,1.7808112661802444,-0.693250826034786,-0.9969327790466931,4.9587764931536435,9.769834076850596,3.1256733797456504
arm_y,-9.163697040039063,-17.701,10.548,-8.91655,2.415215992504169,-0.2635634921092801,0.9281616330349217,8.799002241790092,89.80642184703308,9.476625024080729
arm_z,1.010672165741211,-8.5339,11.866,0.98116,1.6586195001909334,1.6411053518769145,0.0809754668579001,1.3141783206815445,3.7723873216294224,1.9422634531982066
gyro_arm_x,-0.09240640926757812,-1.1706,1.4157,-0.1902,0.5327014358642228,-5.76476718537669,0.09415659330287283,-1.145058857584728,0.29230052691415903,0.5406482469352499
gyro_arm_y,-0.6722473604427083,-2.2567,1.0657,-0.70021,0.4090945811739188,-0.6085476942661547,-0.2750375776843263,2.9665496929821655,0.6192694421042393,0.7869367459359357
gyro_arm_z,0.29749889827473963,-1.1142,1.528,0.35129,0.4390286939540483,1.475732167413293,-0.27365569095658354,-0.6184671410100582,0.2812455142995082,0.5303258567140662
magnetometer_arm_x,-2.6070350527329427,-141.38,81.769,-3.26085,15.860561294424494,-6.083754523284196,-0.11265142420418886,2.690132205033284,258.3458476227778,16.073140565016466
magnetometer_arm_y,-7.236899494358724,-239.16,184.31,-5.66395,26.953927889842962,-3.7245132270876455,-0.3890183450337314,4.012787714658381,778.8632934305887,27.908122355876767
magnetometer_arm_z,2.0114127176223957,-306.86,352.05,0.17776999999999998,44.44407721446157,22.095951181514355,0.3274495632442469,4.337684744714898,1979.2574812166956,44.48884670585085
