,arm_x,arm_y,arm_z,gyro_arm_x,gyro_arm_y,gyro_arm_z,magnetometer_arm_x,magnetometer_arm_y,magnetometer_arm_z
arm_x,1.0,0.1872448590962087,-0.09346857748031961,-0.04266107582049066,0.17438013454966578,0.035843965957093445,-0.04302769113141478,-0.05390977428312451,-0.11284816141999113
arm_y,0.1872448590962087,1.0,0.026437621624551457,0.13756959422135684,-0.19198161781342932,0.032363355933705616,0.04036493719788948,0.09424242061926842,0.1226002548950765
arm_z,-0.09346857748031961,0.026437621624551457,1.0,0.24160537636083462,-0.12176304657530924,0.18999551422530664,0.13014056118934542,0.016425237939703668,-0.022037560489236396
gyro_arm_x,-0.04266107582049066,0.13756959422135684,0.24160537636083462,1.0,-0.1392912730916938,0.39150053519379974,-0.04820433900768732,0.05602335521263105,0.09898400729917083
gyro_arm_y,0.17438013454966578,-0.19198161781342932,-0.12176304657530924,-0.1392912730916938,1.0,0.46956899340316904,0.0009680704675158189,-0.042568358669560456,-0.12162112067069263
gyro_arm_z,0.035843965957093445,0.032363355933705616,0.18999551422530664,0.39150053519379974,0.46956899340316904,1.0,0.012181895238950205,0.04358997514892967,0.025709017787723942
magnetometer_arm_x,-0.04302769113141478,0.04036493719788948,0.13014056118934542,-0.04820433900768732,0.0009680704675158189,0.012181895238950205,1.0,0.4015379950494573,-0.5962247563392565
magnetometer_arm_y,-0.05390977428312451,0.09424242061926842,0.016425237939703668,0.05602335521263105,-0.042568358669560456,0.04358997514892967,0.4015379950494573,1.0,-0.31630767266950943
magnetometer_arm_z,-0.11284816141999113,0.1226002548950765,-0.022037560489236396,0.09898400729917083,-0.12162112067069263,0.025709017787723942,-0.5962247563392565,-0.31630767266950943,1.0
