,arm_x,arm_y,arm_z,gyro_arm_x,gyro_arm_y,gyro_arm_z,magnetometer_arm_x,magnetometer_arm_y,magnetometer_arm_z
arm_x,1.0,-0.08418215749386905,-0.013548181942311183,0.3033500658095564,-0.19149705534646283,-0.05482006805176079,0.04465540736473831,-0.024733312769872326,0.056906803568908135
arm_y,-0.08418215749386905,1.0,0.05824501033159785,-0.13074254566946622,-0.011070896219084792,-0.062412884758597936,0.033267389257323615,0.04599581677498896,0.023611990499174985
arm_z,-0.013548181942311183,0.05824501033159785,1.0,-0.27326736181179695,-0.10810991194609433,-0.1436033929228643,-0.023788493292809024,0.002773452372414791,-0.0021911261046437024
gyro_arm_x,0.3033500658095564,-0.13074254566946622,-0.27326736181179695,1.0,-0.5696745088808486,0.12651245058973812,0.005365391098466862,-0.0057178901841804025,0.02023003180071991
gyro_arm_y,-0.19149705534646283,-0.011070896219084792,-0.10810991194609433,-0.5696745088808486,1.0,0.26595331934788424,-0.021971868223324156,0.012423647562934955,-0.037110726904578645
gyro_arm_z,-0.05482006805176079,-0.062412884758597936,-0.1436033929228643,0.12651245058973812,0.26595331934788424,1.0,-0.01539693199680721,0.030878625062906093,-0.0012101966662631189
magnetometer_arm_x,0.04465540736473831,0.033267389257323615,-0.023788493292809024,0.005365391098466862,-0.021971868223324156,-0.01539693199680721,1.0,0.21756258714824375,0.32824818752123597
magnetometer_arm_y,-0.024733312769872326,0.04599581677498896,0.002773452372414791,-0.0057178901841804025,0.012423647562934955,0.030878625062906093,0.21756258714824375,1.0,0.06787633183655851
magnetometer_arm_z,0.056906803568908135,0.023611990499174985,-0.0021911261046437024,0.02023003180071991,-0.037110726904578645,-0.0012101966662631189,0.32824818752123597,0.06787633183655851,1.0
