,mean,min,max,median,std,coefficient variation,skewness,kurt,signal_power,rms
arm_x,-2.568092372929362,-11.082,4.4433,-2.5631000000000004,1.5009685759552591,-0.5844682970819853,-0.2566117642516521,1.1292827051383396,8.847931765097588,2.9745473210385454
arm_y,-9.488162600911458,-18.603,-4.0835,-9.15395,2.2648788458750877,-0.23870573694189404,-0.559484471083057,-0.20558116801043091,95.15473874618068,9.754729045246755
arm_z,1.4397550472555338,-3.3664,6.286,1.2785,1.4033699114662674,0.974728245711919,0.3519460987213404,-0.41118854129738214,4.042277594900231,2.0105416173012265
gyro_arm_x,-0.202271836875,-0.98824,0.91765,-0.24706,0.34604254574371446,-1.7107796670554878,0.7712530360341314,0.1546173432657123,0.16065544149392288,0.40081846451220643
gyro_arm_y,-0.7086657262890625,-1.1335,0.1807,-0.67351,0.21511583153123254,-0.303550494332059,0.213581463373219,-0.1277183153716086,0.5484804262503495,0.7405946436819196
gyro_arm_z,0.48810134393554694,-0.79741,1.1207,0.76078,0.5581027008974863,1.143415620201986,-0.8409458554198781,-1.0016400229847027,0.5497114074226066,0.7414252541036127
magnetometer_arm_x,-0.037745701885742174,-103.59,103.46,-0.140305,17.61042012962805,-466.5543161161907,-0.028798166550129987,3.1409293049973313,310.11822660342006,17.61017395153779
magnetometer_arm_y,0.17514497240006507,-142.9,205.77,-1.5315,24.90491835812526,142.19602205444755,0.44904604669796977,3.334932179675487,620.2654435951471,24.90512886124356
magnetometer_arm_z,-0.5525880705631512,-312.26,297.28,-3.5380000000000003,68.08680276638398,-123.21439132226588,0.07331119334060347,1.1957014005734878,4635.967159162518,68.08793695774985
