,arm_x,arm_y,arm_z,gyro_arm_x,gyro_arm_y,gyro_arm_z,magnetometer_arm_x,magnetometer_arm_y,magnetometer_arm_z
arm_x,1.0,-0.794887892304006,0.15084233933206626,0.7857166991735748,-0.4094300116623937,-0.13805836192727783,-0.121404583627394,-0.04899012736408729,0.0843159460270116
arm_y,-0.794887892304006,1.0,0.375597822662137,-0.7296920774217938,0.5378993697915502,0.5295682480750449,0.05698526349235199,0.026851838896401612,-0.026675824441998907
arm_z,0.15084233933206626,0.375597822662137,1.0,0.06821710559306908,0.13626499214958143,0.7711469526493208,-0.05642159482837883,-0.015492784706496922,0.06870942491904246
gyro_arm_x,0.7857166991735748,-0.7296920774217938,0.06821710559306908,1.0,-0.7757270603393583,0.07098427601063677,-0.1720050742341204,-0.052542477072436686,0.109555756984181
gyro_arm_y,-0.4094300116623937,0.5378993697915502,0.13626499214958143,-0.7757270603393583,1.0,0.13580366763938845,0.09765458027539077,0.0045188415538426315,-0.06260704126750755
gyro_arm_z,-0.13805836192727783,0.5295682480750449,0.7711469526493208,0.07098427601063677,0.13580366763938845,1.0,-0.12547170847939434,-0.03992257203900163,0.09792181243059582
magnetometer_arm_x,-0.121404583627394,0.05698526349235199,-0.05642159482837883,-0.1720050742341204,0.09765458027539077,-0.12547170847939434,1.0,0.44653305350679384,0.45255955028315153
magnetometer_arm_y,-0.04899012736408729,0.026851838896401612,-0.015492784706496922,-0.052542477072436686,0.0045188415538426315,-0.03992257203900163,0.44653305350679384,1.0,0.39516463540132957
magnetometer_arm_z,0.0843159460270116,-0.026675824441998907,0.06870942491904246,0.109555756984181,-0.06260704126750755,0.09792181243059582,0.45255955028315153,0.39516463540132957,1.0
