,mean,min,max,median,std,coefficient variation,skewness,kurt,signal_power,rms
arm_x,0.9069457200264975,-13.106,18.202,0.861925,2.4270250397348576,2.6760422218696274,-0.03183838424676286,0.8347366458313972,6.712809336137406,2.590908978744218
arm_y,-6.536909092060546,-18.74,14.506,-6.6143,2.4035381032652268,-0.36768724628348626,0.08282719693430154,1.6201348225545393,48.50798783847552,6.964767608361066
arm_z,6.699978361341147,-15.668,19.705,6.64895,2.1400949759644945,0.3194181922008637,0.00795274327396953,1.7568330932619256,49.4695674598346,7.03346056076485
gyro_arm_x,0.5801998886718749,-0.66667,1.0059,0.64118,0.3281429048520383,0.565568713918895,-1.7056788924097583,2.4195461740590183,0.4443061716839779,0.6665629540290834
gyro_arm_y,-0.5133746666666668,-1.1951,-0.13758,-0.39014,0.3020085458144823,-0.5882809679243013,-1.1222999865333867,-0.25365526321011833,0.35475974107185543,0.5956171094519158
gyro_arm_z,0.7680586809895833,0.028017,1.1703,0.84914,0.3048548731885998,0.3969161220804356,-0.9533063288507722,-0.40717934214369844,0.6828476058738081,0.8263459359577006
magnetometer_arm_x,0.6102457027815756,-43.028,51.314,0.6274500000000001,7.345815000681199,12.037471082873772,0.026333709108910336,1.179430759732294,54.33164129909187,7.3710000202884185
magnetometer_arm_y,0.4730860761230469,-101.34,85.788,0.5581,13.006852074253217,27.493626912135568,-0.010969765058456859,2.132191855027237,169.39650421403348,13.015241227654348
magnetometer_arm_z,-0.6145396427249674,-79.849,67.305,-0.5114650000000001,11.634230535353305,-18.93161925854817,-0.1130331644198187,1.3033679982750375,135.72857302456666,11.650260641915557
