,arm_x,arm_y,arm_z,gyro_arm_x,gyro_arm_y,gyro_arm_z,magnetometer_arm_x,magnetometer_arm_y,magnetometer_arm_z
arm_x,1.0,0.5505982647859701,-0.1033561778344033,0.3340802788734654,0.4169574165348962,0.2814041725845475,0.0024678778038985673,-0.050858383312769276,0.05936973350341199
arm_y,0.5505982647859701,1.0,-0.10653518275771252,0.286123224894634,0.8105485363038282,0.2809267562268459,-0.0409412716579531,-0.02642027895979177,0.04735584197714936
arm_z,-0.1033561778344033,-0.10653518275771252,1.0,0.039507049539195045,-0.083656518611016,0.3779062075849387,-0.03633650348668768,0.05731188273400807,-0.0013210445575601677
gyro_arm_x,0.3340802788734654,0.286123224894634,0.039507049539195045,1.0,0.09127029893029262,0.233691767467817,-0.028742016414182052,0.0018064592353262475,-0.013470531062302862
gyro_arm_y,0.4169574165348962,0.8105485363038282,-0.083656518611016,0.09127029893029262,1.0,0.20701701833199632,-0.08351093206215113,0.030563069897487548,0.014476086111604234
gyro_arm_z,0.2814041725845475,0.2809267562268459,0.3779062075849387,0.233691767467817,0.20701701833199632,1.0,-0.05023416890528361,0.0801081336857026,0.0070258963745548466
magnetometer_arm_x,0.0024678778038985673,-0.0409412716579531,-0.03633650348668768,-0.028742016414182052,-0.08351093206215113,-0.05023416890528361,1.0,-0.5893622881330448,0.5374076879489015
magnetometer_arm_y,-0.050858383312769276,-0.02642027895979177,0.05731188273400807,0.0018064592353262475,0.030563069897487548,0.0801081336857026,-0.5893622881330448,1.0,-0.4210349513947575
magnetometer_arm_z,0.05936973350341199,0.04735584197714936,-0.0013210445575601677,-0.013470531062302862,0.014476086111604234,0.0070258963745548466,0.5374076879489015,-0.4210349513947575,1.0
