,mean,min,max,median,std,coefficient variation,skewness,kurt,signal_power,rms
arm_x,-7.869295908891048,-22.148,19.689,-6.285,9.459942199564264,-1.2021332415363921,-0.09963006584718559,-1.1908579785490403,151.41341141836364,12.305015701670747
arm_y,-2.7637942774046222,-18.972,21.731,-3.9809,8.21113064879974,-2.970963040169007,-0.13037846575745776,-0.8367371063400988,75.05903059121349,8.66366150026728
arm_z,0.13223701425048826,-18.238,25.194,-0.0196765,5.749240705220609,43.4767885361521,0.19053483671256105,2.8966968030381306,33.07017934547069,5.7506677304005915
gyro_arm_x,-0.695951387220052,-1.0922,0.43725,-0.74118,0.2540036652655848,-0.3649732868271038,0.8529404625663924,0.29379089776533585,0.5488640951510468,0.7408536259957474
gyro_arm_y,-0.36713444333333334,-1.1294,0.89528,-0.38398,0.40210020846849753,-1.095239675192822,0.3635986345747558,-0.6353654151552157,0.29646701396224034,0.5444878455596969
gyro_arm_z,0.07254432166015624,-0.9181,1.1767,0.0043103,0.5610834095707657,7.734353244065572,0.5134028418958896,-0.9308546616181745,0.3200670232298384,0.5657446625730007
magnetometer_arm_x,-1.045337794720052,-214.7,200.02,-2.168,59.58212687435,-56.99796484475765,0.014699361450886149,-0.5136896213899811,3551.0070131089306,59.59032650614469
magnetometer_arm_y,4.515151903328776,-355.85,330.42,4.0092,44.68203154299553,9.896019558069332,-0.41128944664599465,4.852239051640368,2016.8055498077013,44.908858255445566
magnetometer_arm_z,-1.5047001096289063,-482.78,418.45,-5.4539,122.49368015585259,-81.40737105818538,-0.008194263312062031,0.25814067636676175,15006.477366244811,122.50092802197382
