,arm_x,arm_y,arm_z,gyro_arm_x,gyro_arm_y,gyro_arm_z,magnetometer_arm_x,magnetometer_arm_y,magnetometer_arm_z
arm_x,1.0,-0.02399976200731529,-0.29219463314795174,0.4358310136182316,0.3453858060443433,-0.000665713124382396,0.06916590476859188,-0.009874310445235405,-0.03046971247018141
arm_y,-0.02399976200731529,1.0,0.004038027424991018,-0.04482100113244747,0.050117457540699524,0.09720604604641851,-0.10959311450184746,0.3832342045082586,0.012150125301743827
arm_z,-0.29219463314795174,0.004038027424991018,1.0,-0.13517320695611976,-0.01711227222137776,0.12051233537176935,0.14612556466563828,-0.059214162691702,-0.12095122156748248
gyro_arm_x,0.4358310136182316,-0.04482100113244747,-0.13517320695611976,1.0,0.7215263977986504,0.4828445570145341,0.0029849362550257836,0.00769407116723317,0.06474301694164145
gyro_arm_y,0.3453858060443433,0.050117457540699524,-0.01711227222137776,0.7215263977986504,1.0,0.7744193683615134,-0.020311248983293926,-0.014527261858749672,0.010590507792463743
gyro_arm_z,-0.000665713124382396,0.09720604604641851,0.12051233537176935,0.4828445570145341,0.7744193683615134,1.0,-0.021006216063378057,-0.012015396289180852,-0.022338132079066448
magnetometer_arm_x,0.06916590476859188,-0.10959311450184746,0.14612556466563828,0.0029849362550257836,-0.020311248983293926,-0.021006216063378057,1.0,-0.016737533166399553,0.24361199905283462
magnetometer_arm_y,-0.009874310445235405,0.3832342045082586,-0.059214162691702,0.00769407116723317,-0.014527261858749672,-0.012015396289180852,-0.016737533166399553,1.0,0.053332893514885196
magnetometer_arm_z,-0.03046971247018141,0.012150125301743827,-0.12095122156748248,0.06474301694164145,0.010590507792463743,-0.022338132079066448,0.24361199905283462,0.053332893514885196,1.0
