,arm_x,arm_y,arm_z,gyro_arm_x,gyro_arm_y,gyro_arm_z,magnetometer_arm_x,magnetometer_arm_y,magnetometer_arm_z
arm_x,1.0,0.42319757717258255,-0.3997913652018984,0.0402639510477191,0.15497686669457364,0.07335657480607483,-0.08650166034333834,-0.023385620507111387,-0.2589414069576709
arm_y,0.42319757717258255,1.0,-0.16362073028459617,-0.013683471544979203,0.19852347886895852,0.01884303301926649,-0.014551046400237314,0.07999677660889887,-0.16742928406952637
arm_z,-0.3997913652018984,-0.16362073028459617,1.0,0.038425778401327805,-0.14517208798547093,0.12434187072042423,0.1262936048609005,-0.1358187000873994,0.19010304525903593
gyro_arm_x,0.0402639510477191,-0.013683471544979203,0.038425778401327805,1.0,-0.27338084713578453,0.3250401603049223,0.015837107216594863,0.012912601302579032,0.03811277757508833
gyro_arm_y,0.15497686669457364,0.19852347886895852,-0.14517208798547093,-0.27338084713578453,1.0,0.12590173017070963,-0.07940472249640163,0.00495777493228455,-0.10995632059650144
gyro_arm_z,0.07335657480607483,0.01884303301926649,0.12434187072042423,0.3250401603049223,0.12590173017070963,1.0,-0.022830443342489744,0.054836205733617145,-0.08112592479726664
magnetometer_arm_x,-0.08650166034333834,-0.014551046400237314,0.1262936048609005,0.015837107216594863,-0.07940472249640163,-0.022830443342489744,1.0,0.031026948167487998,0.2680410440738263
magnetometer_arm_y,-0.023385620507111387,0.07999677660889887,-0.1358187000873994,0.012912601302579032,0.00495777493228455,0.054836205733617145,0.031026948167487998,1.0,-0.35080634731409194
magnetometer_arm_z,-0.2589414069576709,-0.16742928406952637,0.19010304525903593,0.03811277757508833,-0.10995632059650144,-0.08112592479726664,0.2680410440738263,-0.35080634731409194,1.0
