,mean,min,max,median,std,coefficient variation,skewness,kurt,signal_power,rms
arm_x,-4.071780791744791,-10.292,7.2052,-4.25455,4.658648783783858,-1.144130546818457,0.9413859762145287,0.5109799320362405,38.28170082853169,6.187220767722103
arm_y,2.6657473147926436,-1.8373,8.4134,1.7252,3.063276269026718,1.1491247696389395,0.39205233601891787,-1.2672196133025588,16.489564788975304,4.060734513480942
arm_z,5.8372528006634115,-0.67284,8.9083,6.68665,2.724080844871643,0.4666717269058568,-1.1959510135561644,0.05320903663028753,41.4938951517244,6.441575517815839
gyro_arm_x,0.00752625628255205,-0.76471,1.3216,-0.15,0.6000389457052511,79.72608467988366,0.6933705729733323,-0.47042479267146087,0.3600916606253339,0.600076378992986
gyro_arm_y,0.4873975992838542,0.11294,0.85626,0.43943,0.22114372668535817,0.45372346316496087,0.15600137445343543,-1.2465444242831922,0.2864593756950358,0.535218997883143
gyro_arm_z,0.6256513368912759,-0.081897,1.0733,0.7694,0.35703967887143195,0.570668769998133,-0.923927760605666,-0.5382494195487331,0.5189127779897125,0.7203560078112159
magnetometer_arm_x,0.3433565914414714,-4.86,3.7969,0.36259,0.2736841161941189,0.7970842063789858,-1.0752421736729028,22.514454470717908,0.19279430609471143,0.43908348419715293
magnetometer_arm_y,0.3354158680738932,-11.768,8.1422,0.35393,0.4805538387870389,1.432710508142004,-0.5592252267550174,42.2181634408583,0.3434282792112756,0.5860275413419369
magnetometer_arm_z,-0.5293187070294596,-4.7526,6.4921,-0.36992,0.5148316406948562,-0.9726307305179049,0.7518636380092115,10.483002556021283,0.5452212838895311,0.7383910101629969
