,mean,min,max,median,std,coefficient variation,skewness,kurt,signal_power,rms
arm_x,-1.3444314330798885,-21.636,12.234,-0.60694,3.5343301072247733,-2.6288660174570295,-0.8910125741590483,0.8886667357130245,14.298560896195447,3.781343795027827
arm_y,-2.3937014046917566,-18.645,10.709,-2.9129,7.540613521155162,-3.150189704687159,0.05234540973822319,-1.4884348716387243,62.5887273410351,7.911303769988554
arm_z,5.2006091983424465,-3.2229,24.06,5.3228,2.633301319581001,0.5063447798423875,-0.06201932732422236,0.7957418411462949,33.98037634233063,5.8292689372107915
gyro_arm_x,-0.1665695634149655,-1.0627,0.80392,-0.22941,0.4821070443152518,-2.894328558178455,0.05704443362600053,-1.142903249006368,0.2601647269570758,0.5100634538536121
gyro_arm_y,-0.09261159847831257,-1.152,1.1088,-0.069815,0.6837843820613302,-7.383355792325042,0.12546131231721944,-1.2891867071507148,0.47612210803294713,0.6900160201277555
gyro_arm_z,0.5317869629496281,-0.78017,1.1724,0.62284,0.47647433137881734,0.8959872365730596,-0.4580854766717163,-0.9122548812761289,0.5098174511462845,0.7140150216531054
magnetometer_arm_x,0.7145321263510069,-131.27,144.83,-0.6448,50.49126094068007,70.66338808099545,0.13982566436032132,-0.5969824399472192,2549.7913951196306,50.495459153468744
magnetometer_arm_y,1.9235812145365305,-154.59,334.29,0.060184,30.437059461841866,15.823121598312863,0.7434543651763051,5.117020714128813,930.0832865546171,30.497266870239653
magnetometer_arm_z,0.23748192464104467,-249.87,251.59,0.11874,54.66492750173541,230.18563448296865,-0.1577957850193548,2.3782660579499817,2988.209196679118,54.664514967930685
