,mean,min,max,median,std,coefficient variation,skewness,kurt,signal_power,rms
arm_x,-7.672635720034342,-22.015,19.787,-7.77965,11.250424348917027,-1.4663050299052476,0.3078665288731558,-1.0065861478189018,185.43726673919684,13.617535266677184
arm_y,-4.719070803362304,-18.972,21.865,-7.5441,11.76586593331855,-2.4932590383970195,0.3939606380815815,-1.1787000375946417,160.70072404074725,12.676778930025847
arm_z,-0.6666575652652996,-18.238,24.639,-0.8751450000000001,6.9653021164317375,-10.448095813117881,0.246044260095933,1.1731292187057552,48.958286604057285,6.997019837334841
gyro_arm_x,-0.5345526802246093,-1.1118,0.61373,-0.56471,0.30144275433459894,-0.5639158973217349,0.5866943902022911,0.022305072155050176,0.3766113441420888,0.6136866823893841
gyro_arm_y,-0.032327527395833354,-1.1417,1.1211,-0.0061602,0.3941194716501041,-12.191451168668765,-0.4024392766803436,0.8111861253631583,0.15637017064104033,0.39543668347921435
gyro_arm_z,0.7089513689583332,-0.92457,1.1853,0.89009,0.4738763718455504,0.6684187274252957,-1.7573051386386929,2.0943846702979476,0.7271635494841123,0.8527388518673887
magnetometer_arm_x,-4.9021075773209635,-319.03,239.69,-4.14905,76.03896309835856,-15.511483968679936,-0.00350353984817481,-0.26835335819355377,5805.766354104248,76.19557962312675
magnetometer_arm_y,14.126680555501302,-354.42,331.91,13.906500000000001,60.44047547047946,4.27846267444211,-0.34903685273089513,2.849148260577749,3852.4952641917903,62.06847238487339
magnetometer_arm_z,3.0518722267708327,-702.57,657.18,-8.1242,213.9778047180046,70.11361840151912,0.0654455832782882,-0.46027672738093184,45794.32439003182,213.99608498762734
