,mean,min,max,median,std,coefficient variation,skewness,kurt,signal_power,rms
arm_x,-3.8177272261752675,-22.361,19.864,-3.1844,4.233890212754678,-1.1090080463910819,-0.3817549690901218,2.6443385264832084,32.5008469629574,5.700951408577115
arm_y,-5.814997659925693,-18.972,22.191,-7.34435,5.400732230134962,-0.9287591407567266,0.746496911537507,0.46131238122053064,62.98207297820771,7.936124556621305
arm_z,2.3988818471287554,-18.239,25.735,1.974,3.7512866429588243,1.5637646545405206,0.14720058058019247,1.9424849085231886,19.826769466509,4.452726071353256
gyro_arm_x,-0.3054214907952552,-8.3392,3.3196,-0.37647,0.5159070248882874,-1.689164123798135,0.23388689508419713,1.608759539911076,0.3594420403316528,0.5995348533085069
gyro_arm_y,-0.4884282027285543,-3.5708,1.5565,-0.65092,0.5575908180464304,-1.141602419621771,0.8447408789671451,0.14345879082153346,0.549469273269755,0.7412619464600587
gyro_arm_z,0.22177128952896688,-2.6897,2.75,0.25216,0.5762755959382295,2.5985130769731972,-0.090193921215102,-0.9632410867800414,0.3812756867321187,0.6174752519187459
magnetometer_arm_x,0.4466589056048178,-317.93,251.15,0.36836,23.038223504496944,51.57900853516184,-0.18859505892054693,10.41462389172694,530.9586381353492,23.04253975010891
magnetometer_arm_y,0.4361158738537575,-363.9,337.76,0.34847,34.604264663392975,79.34649192566837,-0.039468413618693445,11.876248641729125,1197.6439575868083,34.60699290008897
magnetometer_arm_z,-0.5231519436489623,-717.55,656.86,-0.59447,63.65684396835756,-121.67945611432467,-0.017875722439909064,11.79852054826023,4052.462827885925,63.658957169324765
