,mean,min,max,median,std,coefficient variation,skewness,kurt,signal_power,rms
x(m/s2),0.488021726162505,-15.447380120680274,23.95974005690724,0.29408483251462925,3.230897863200346,6.6203975970621,0.9642602649175633,6.837707062520014,10.670693114201919,3.2666026869213707
y(m/s2),0.8014539800764916,-17.430661872003043,20.926444061621883,0.39843562570208213,3.5059080350700706,4.37443461786223,0.9454442174248338,6.190407532866022,12.926450921047046,3.5953373862611344
z(m/s2),9.588543255218495,-2.6998859050701256,37.090636997318306,9.13587152780842,6.48766046620761,0.6766054335393177,0.9300307997023985,1.2126422848259129,134.00500963945535,11.576053284235321
x(rad/s),0.004876622803820225,-1.446986,1.8464915,0.03176497,0.44499350723337044,91.25034375936838,-0.07476863963164211,0.2673359946954075,0.19792590108388922,0.44488863896922476
y(rad/s),-0.06843771690506209,-3.5920377,3.8156142,-0.037568185,0.8941561009047779,-13.065253216222361,-0.04886362368701342,1.48635618822827,0.8037260477699545,0.8965076953211023
z(rad/s),8.417019645180746e-05,-1.5793909,1.3649774,-0.0021380268,0.4014023861120041,4768.93726084899,-0.16100247411910096,0.4732557430435942,0.1610285994702716,0.4012836895143778
x(μT),6.525144392534594,-18.075,35.756252,6.5062504,8.07916433685685,1.2381587058977894,0.15835372288410546,0.017796894466669766,107.81180555009504,10.38324638781605
y(μT),-29.21317724600828,-47.381252,-11.2875,-29.325,8.626756552870168,-0.29530360495275937,0.028945002862855965,-0.8737988578855158,927.7866434181716,30.45959033569184
z(μT),6.174759940102897,-48.468754,42.73125,9.84375,17.331890788616793,2.8068930544250392,-0.303952455771557,-1.0454710571168673,338.34445555233594,18.39414188137995
