,mean,min,max,median,std,coefficient variation,skewness,kurt,signal_power,rms
x(m/s2),-0.00303952775791947,-2.324088711638663,1.4007451247518388,0.0006810358747345109,0.15928105387493813,-52.40322397449155,-1.7355764388335597,28.132240355133778,0.025370989437708446,0.1592827342737073
y(m/s2),0.0007561922805838145,-1.6141291656524834,1.4252706679746878,0.0005801650742842168,0.12315487176932795,162.86184735216662,-0.2705883673428098,30.903687232478873,0.015162491137802658,0.12313606757486881
z(m/s2),9.729801088095611,2.7005646784630004,18.694683919074357,9.732267839605395,0.2658327006413111,0.027321493855260493,5.785348520488115,626.6918007790031,94.7396719960897,9.73343063858215
x(rad/s),0.00016780445394168087,-0.20998476,0.38728827,0.0001527162,0.02798253112816923,166.75678428591854,0.9989694375843814,20.36542827652191,0.0007827815884753217,0.02797823419151612
y(rad/s),-2.776655204116649e-05,-0.58322316,0.32879797,0.00076358096,0.05851816959773898,-2107.505804501054,-1.6458809713886395,16.983457667727894,0.0034232022009386093,0.05850813790353107
z(rad/s),-0.000980788971691252,-0.5676461,0.5516109,-0.00076358096,0.04917242154048311,-50.13557753987712,-0.7915458132446727,24.654204634319008,0.0024180595096181656,0.049173768511455024
x(μT),14.909048619210976,10.556251,22.2,14.45625,1.9645007863526451,0.131765670401081,0.2180515213766586,-1.0445908211263617,226.1376701370419,15.037874521921038
y(μT),-21.032959422641508,-24.225,-16.03125,-21.13125,1.899197343827125,-0.0902962491233013,0.6470530626323858,-0.5132655692196222,445.99109524945214,21.118501254810962
z(μT),-10.38620109348199,-18.6375,-3.9562502,-11.4375,2.9842329074389022,-0.2873267020904978,0.31949725551185704,-0.8882180186028759,116.77576408995192,10.806283546620083
