,mean,min,max,median,std,coefficient variation,skewness,kurt,signal_power,rms
x(m/s2),-0.0401585602352759,-5.886850523185304,4.719585224059676,-0.006441028580935462,0.5782276959920737,-14.398616200491908,-2.216604475090291,25.72046683009101,0.3358452794810788,0.5795215953535112
y(m/s2),0.007663372115550204,-5.192545900468333,3.2060638631373246,0.002736100104515402,0.3320425322576043,43.32851481710473,-0.5774052628189811,34.67455297637797,0.11027314811832714,0.3320740100012754
z(m/s2),9.709238225381343,2.9013577039549032,14.697786192465657,9.719912220464336,0.5211407554132326,0.05367473156142114,-2.0034150789066523,44.0924930492975,94.5408014351411,9.7232094205124
x(rad/s),-0.0002665591486929675,-0.7687733,0.8214604,-0.0003054324,0.07902758703219129,-296.47298702629837,-0.10960391791863532,21.38535573451966,0.006243288075511648,0.07901448016352224
y(rad/s),3.908266883704939e-05,-0.98486674,1.2337941,0.0003054324,0.09175152507061611,2347.6269098500757,1.2689575165018065,33.85043657121169,0.008415455941181342,0.09173579422003901
z(rad/s),-0.0053263112807890225,-2.0358596,2.3163993,-0.0013744457,0.196182774297206,-36.83276548345933,-0.4074486351591582,33.97472833320909,0.03850284720173424,0.19622142391118824
x(μT),31.486705548885077,16.35,34.443752,31.875002,2.1578261592639474,0.06853134113741394,-3.7574413197861105,19.05768209604177,996.0672427268975,31.560532991806355
y(μT),2.089045949986964,-21.9375,18.2625,4.51875,6.885056846137158,3.295790045298009,-0.9749884346634021,0.37582371621555755,51.751858660405645,7.193876469637607
z(μT),-12.552466212075473,-19.81875,-2.49375,-13.368751,3.338957149483774,-0.26600009058552154,0.7010193754175058,-0.43415859766383313,168.7092182768239,12.988811272661708
