,accx,accy,accz,angx,angy,angz,magx,magy,magz
accx,1.0,-0.1177063261603642,-0.2797169981972151,-0.019608115857870884,0.09043685085264505,-0.14368074400136593,0.22465767046529936,0.05655260726230262,-0.19275009926603195
accy,-0.1177063261603642,1.0,0.013296628493862794,0.3400782460430847,-0.11321013709885883,-0.0938443699331458,0.05698725153812694,0.03453780039839075,-0.21033052827883056
accz,-0.2797169981972151,0.013296628493862794,1.0,-0.009615440811285486,-0.20896843870173076,0.01899376026723014,0.005801933986031549,0.011030829082692525,0.02425095338331136
angx,-0.019608115857870884,0.3400782460430847,-0.009615440811285486,1.0,0.07103529593002582,0.011929245629522928,0.07321718853368478,-0.10021200129969064,-0.003025595024885478
angy,0.09043685085264505,-0.11321013709885883,-0.20896843870173076,0.07103529593002582,1.0,-0.11175709646151233,0.0014009185366043102,-0.04662333993139313,0.06023456964710256
angz,-0.14368074400136593,-0.0938443699331458,0.01899376026723014,0.011929245629522928,-0.11175709646151233,1.0,0.0691888057608271,-0.01616756096156138,-0.06651142818101141
magx,0.22465767046529936,0.05698725153812694,0.005801933986031549,0.07321718853368478,0.0014009185366043102,0.0691888057608271,1.0,-0.15502623417447425,-0.7507830371039964
magy,0.05655260726230262,0.03453780039839075,0.011030829082692525,-0.10021200129969064,-0.04662333993139313,-0.01616756096156138,-0.15502623417447425,1.0,-0.21271409641258412
magz,-0.19275009926603195,-0.21033052827883056,0.02425095338331136,-0.003025595024885478,0.06023456964710256,-0.06651142818101141,-0.7507830371039964,-0.21271409641258412,1.0
