,accx,accy,accz,angx,angy,angz,magx,magy,magz
accx,1.0,0.065215378177929,-0.08390022543905187,0.07033564718913768,0.11998027115310217,-0.040395497707640705,-0.17113381100935446,0.024283723955296415,-0.1042155048249477
accy,0.065215378177929,1.0,-0.014429596443945876,0.05977304005298717,0.02391049452418173,-0.0019069748160812038,0.004159565484421071,0.0009770472298420675,-0.05635857511781114
accz,-0.08390022543905187,-0.014429596443945876,1.0,0.04809126145978671,0.05180954081817579,0.3010452809203517,0.027909656429448204,0.007412605984786604,-0.005786040378011407
angx,0.07033564718913768,0.05977304005298717,0.04809126145978671,1.0,0.147101866093191,-0.04872226309529318,0.004664483620965114,0.00019508198443656582,0.004633538405759279
angy,0.11998027115310217,0.02391049452418173,0.05180954081817579,0.147101866093191,1.0,-0.179016405364788,-0.004632191830812977,0.0016828100498118056,0.006330839618231207
angz,-0.040395497707640705,-0.0019069748160812038,0.3010452809203517,-0.04872226309529318,-0.179016405364788,1.0,0.005435355725548435,0.006331815391147839,0.002285454745164431
magx,-0.17113381100935446,0.004159565484421071,0.027909656429448204,0.004664483620965114,-0.004632191830812977,0.005435355725548435,1.0,-0.11880329002411168,0.04099385638960185
magy,0.024283723955296415,0.0009770472298420675,0.007412605984786604,0.00019508198443656582,0.0016828100498118056,0.006331815391147839,-0.11880329002411168,1.0,0.15856068517790023
magz,-0.1042155048249477,-0.05635857511781114,-0.005786040378011407,0.004633538405759279,0.006330839618231207,0.002285454745164431,0.04099385638960185,0.15856068517790023,1.0
