,mean,min,max,median,std,coefficient variation,skewness,kurt,signal_power,rms
accx,0.045615947905254056,-28.605150268784143,29.343961601477446,0.03220045115282513,1.7886899220192334,39.211942405195785,0.605887966269774,10.873078466942884,3.2014675348825232,1.7892645234516118
accy,-0.0046662802864803924,-26.563963293284296,25.21394134265412,0.029960136369915843,1.6935806239053395,-362.94018360023256,-0.2421058663734851,11.919645735221614,2.8682147662355977,1.693580457561907
accz,9.849631582166175,-2.3027135982318345,40.59730115220751,9.312291723472756,3.6026256172417743,0.36576247417870106,0.9012061263535912,1.7594052072535415,109.99405256290967,10.487804944930549
angx,-0.0006733937086776787,-3.6464045,3.6189156,0.0024434591,0.32387197018149766,-480.95485004971977,0.08260498704339742,5.714878163043906,0.10489268962332902,0.32387140908596584
angy,0.0011479802899595796,-3.9270968,5.236333,0.007788526,0.4263177670465986,371.36331588202546,-0.052175460803155355,3.528990550179648,0.18174674091759496,0.426317652599086
angz,-0.0028863364198747693,-3.1884086,4.719541,-0.03573559,0.36174630430819626,-125.33061004853049,0.34078931880573715,2.396047625478027,0.13086770048047286,0.36175641042070406
magx,3.8435649745438356,-74.0625,54.7125,8.681251,19.67522056368512,5.119002981345522,-0.30602753647551306,-1.1446368034007637,401.8842811047265,20.0470516811008
magy,-34.28903290384352,-85.6875,19.125,-36.54375,11.960106485719878,-0.3488026774992318,0.5235948418113594,-0.08987420254081702,1318.780810605661,36.315021831270606
magz,17.689977078280197,-89.925,282.0375,6.9187503,69.04946819688372,3.9033102129715505,2.725133362123674,7.104577743314513,5080.727215545033,71.27922008232858
