,mean,min,max,median,std,coefficient variation,skewness,kurt,signal_power,rms
arm_x,-3.713413084552313,-22.361,19.864,-2.9776,4.7635864176546665,-1.2828054162546696,-0.7697951951564095,3.254847775665116,36.48117363009103,6.039964704374607
arm_y,-5.8055261975680645,-18.972,22.191,-7.4615,5.757639373190438,-0.9917515100702351,0.8108590770147924,0.7079992594771607,66.85451831479249,8.176461234225506
arm_z,2.3938803978726084,-18.239,25.741,1.9281,3.876503198375719,1.6193387112491864,-0.03691951005891242,2.7615571133026737,20.757928045785754,4.5560869225450205
gyro_arm_x,-0.2761060860180383,-8.3392,3.3196,-0.3549,0.5276888001014042,-1.9111813423298813,0.3223578802003229,0.8475155767509741,0.35468981144764455,0.5955584030535079
gyro_arm_y,-0.46643400950347325,-3.5708,1.5565,-0.6345,0.5555510172610563,-1.1910602699242483,0.7991344504492521,0.0037918035724802124,0.5261973641347765,0.7253946264860089
gyro_arm_z,0.2666334710682751,-2.6897,2.75,0.30172,0.5643803764693968,2.116689904715224,-0.1775664844483586,-0.9934193551549639,0.3896183552376388,0.6241941646936783
magnetometer_arm_x,0.17021376022713802,-319.03,251.15,0.36262,26.67616813217436,156.72157231340717,-0.17355718337055165,9.482120660317939,711.6463336053323,26.676700200836915
magnetometer_arm_y,0.7144626188773926,-363.9,337.76,0.35217,33.44453179177574,46.81075105696339,-0.00983011986420836,12.272263279369374,1119.0462435626698,33.45214856422035
magnetometer_arm_z,-0.3668125932718718,-717.55,657.18,-0.67296,69.55069174545899,-189.60824415837286,0.10119307035847984,11.701262089255406,4837.4292948743405,69.5516304257085
