,mean,min,max,median,std,coefficient variation,skewness,kurt,signal_power,rms
accx,0.051327752861343154,-28.605150268784143,29.343961601477446,0.035542004980326926,1.7978558937699651,35.02697456143648,0.6105627769403289,10.991402459117593,3.2348944940700632,1.7985812447788014
accy,-0.0034412768977567514,-26.563963293284296,25.21394134265412,0.03272453788777238,1.700265174497685,-494.07973406790626,-0.27067870457623217,11.733454988692566,2.8908903782279545,1.700261855782207
accz,9.847384697735265,-12.2244719668593,40.59730115220751,9.271895964452526,3.6156326765598474,0.36716679479287356,0.8966799440664956,1.7373747297829176,110.04368045209074,10.49017065886398
angx,-0.0004887157748397159,-3.6464045,3.6189156,0.0027488915,0.3225952835446566,-660.0877240978322,0.08781763628252301,5.458312390763913,0.10406712324664874,0.32259436332125946
angy,0.0010648385976029823,-3.9270968,5.236333,0.007788526,0.42545757728153366,399.55123550110324,-0.06491478781624281,3.4733337152925943,0.18101383579955507,0.4254572079534616
angz,-0.0028656366503240884,-3.1884086,4.719541,-0.037415467,0.36230974312980746,-126.43254792572259,0.3376542164990298,2.3276470225777857,0.13127551166819487,0.36231962639111187
magx,3.717971959715738,-74.0625,54.7125,8.587501,19.701511646434554,5.298994145168555,-0.2977808965661025,-1.1503346956401377,401.9697713768131,20.04918380824549
magy,-34.278844202234616,-85.6875,19.125,-36.506252,11.968580892126782,-0.3491535718507848,0.5119326106940089,-0.12323764899566259,1318.2849424095232,36.30819387424171
magz,17.14289805403779,-89.925,282.0375,6.6375003,68.10742511278843,3.9729236502544913,2.761508924634878,7.396167735904987,4932.463199323738,70.23149720263507
