,accx,accy,accz,angx,angy,angz,magx,magy,magz
accx,1.0,0.06250460359577135,-0.08665426913805559,0.06848464580239166,0.1190249031090104,-0.04099594729505987,-0.17044895843888516,0.024964757709015063,-0.10900833744103065
accy,0.06250460359577135,1.0,-0.012801723318891352,0.06374298632719641,0.02341729547151029,-0.0032102186520777,0.00331124867100854,0.001030594180421574,-0.05756549094986131
accz,-0.08665426913805559,-0.012801723318891352,1.0,0.04711355330554581,0.04984433313944045,0.29763011725275723,0.027779459585916714,0.006878341589723263,-0.005279828654928038
angx,0.06848464580239166,0.06374298632719641,0.04711355330554581,1.0,0.1443436476539923,-0.04804068632857611,0.003932320960817755,-0.0001745807508978721,0.00208966644059837
angy,0.1190249031090104,0.02341729547151029,0.04984433313944045,0.1443436476539923,1.0,-0.18065858632857065,-0.003948055942110124,0.0008292913720434151,0.005876089587143416
angz,-0.04099594729505987,-0.0032102186520777,0.29763011725275723,-0.04804068632857611,-0.18065858632857065,1.0,0.0049523297954464085,0.00702375747358021,0.0017886716562890714
magx,-0.17044895843888516,0.00331124867100854,0.027779459585916714,0.003932320960817755,-0.003948055942110124,0.0049523297954464085,1.0,-0.12162514389533595,0.043874037519704714
magy,0.024964757709015063,0.001030594180421574,0.006878341589723263,-0.0001745807508978721,0.0008292913720434151,0.00702375747358021,-0.12162514389533595,1.0,0.15611113033421065
magz,-0.10900833744103065,-0.05756549094986131,-0.005279828654928038,0.00208966644059837,0.005876089587143416,0.0017886716562890714,0.043874037519704714,0.15611113033421065,1.0
