,mean,min,max,median,std,coefficient variation,skewness,kurt,signal_power,rms
accx,-0.15083995979475998,-9.5966654914697,14.358211086936839,0.009461335243348794,1.6255754590452236,-10.776822410036829,0.4189204823982363,10.663933714540391,2.6626727347733614,1.6317698167245775
accy,0.013327640602509435,-14.433428068940536,12.079283640700154,0.06803643168985211,1.6973865607297347,127.3583683229076,-0.19562249593246422,11.12972840878276,2.87849065228041,1.6966115207319588
accz,9.875600889615907,-1.6174035504481954,29.2536602007351,9.799453168039314,3.998470342851606,0.4048837521427133,0.6234591582586935,1.2299965881911854,113.49967539660669,10.65362264192827
angx,-0.004157720952631577,-2.7467535,1.9419391,0.012064579,0.36324633811978374,-87.36669494134077,-0.2835083000728963,7.0206874057659565,0.13183658460781633,0.36309307981262373
angy,0.02635813177436647,-1.7702861,2.7928739,0.0004581486,0.522751726724437,19.832654726797365,0.7001897260002371,3.564582814022275,0.2736977744909614,0.5231613274038529
angz,-0.006766101861306045,-2.1426082,2.0709844,-0.033139413,0.3872119933626915,-57.22822406459439,0.39043344519635853,1.954057421395457,0.14983277428547634,0.3870823869481487
magx,15.675548853886939,-31.931252,39.956253,23.503126,16.616042786073212,1.059997512109636,-1.357475898827127,0.786617691899091,521.5466133670202,22.837395065265657
magy,-38.090790549707606,-65.53125,-26.306252,-37.096875,6.676001171302618,-0.1752654926547295,-1.5463133970810625,3.4203968901490516,1495.433876777927,38.67084013540341
magz,14.352887977534111,-41.925003,272.11877,13.8,63.781889106976465,4.443836613705284,3.032128044797198,8.953668129831833,4270.169732970117,65.34653573809493
