,mean,min,max,median,std,coefficient variation,skewness,kurt,signal_power,rms
accx,-0.12124453971429901,-14.209233439530912,9.26459550616121,-0.008977004399653384,1.2891042299584319,-10.632266269442574,-1.9994947844883706,17.932635591052886,1.6757060910338124,1.2944906685773414
accy,-0.03404049732498262,-9.370560662264507,12.657058703089772,-0.001371542643380741,1.2491683332226255,-36.69653593180173,-0.3124046795890823,15.069751997794445,1.560844232295303,1.2493375173648245
accz,9.905175934799356,0.15944712664402894,24.804975202195752,9.843176897089242,2.4346890554079232,0.24579967801018585,1.2312387035682593,5.326819515778613,104.03742500585307,10.199873774015689
angx,-0.0026876608665566014,-1.7334815,3.2901177,-0.0006108648,0.2757388675612072,-102.59436783573089,1.034903882507815,21.003662749281602,0.07600328249020834,0.2756869283992412
angy,-0.0044838053651415095,-3.3322673,2.4475825,0.0059559317,0.4289613775886624,-95.66904507576106,0.023506682925367714,5.7478868067543605,0.1839411718113047,0.42888363434771526
angz,-0.0005250701056698111,-1.470046,2.6212208,-0.0043524115,0.2899730225563477,-552.255821508712,0.9762050339639031,7.204965589964061,0.08404496707803734,0.2899051001242257
magx,4.1126180989037735,-32.60625,36.787502,7.190625150000001,18.283259033404477,4.445649606579788,-0.2667490829331937,-1.1256614070234563,351.03351041524144,18.73588830067156
magy,-33.00724439148113,-60.018753,7.14375,-37.125,12.78106287738084,-0.3872199304428914,0.9639775021423358,0.18117083941368683,1252.7566960811878,35.394303158576065
magz,26.428462071179244,-44.925003,276.67502,11.071875,84.45125098580978,3.195465962353728,2.193866464169823,3.5768349445877385,7827.113243066437,88.47097401445536
