,accx,accy,accz,angx,angy,angz,magx,magy,magz
accx,1.0,-0.11671052685262018,-0.2877474457906932,-0.08502603955091163,-0.016625561214805504,-0.06488244804081388,-0.06234781754518165,0.11736557627313353,-0.0668895952045326
accy,-0.11671052685262018,1.0,-0.026047369683552594,0.21948640537376318,0.043880527387389595,-0.0810082866580677,-0.005836243131425197,0.004819371209356032,-0.12467691724480172
accz,-0.2877474457906932,-0.026047369683552594,1.0,0.01698222422614921,0.003989328164155925,0.155962560707718,0.038015899397785866,0.0030403329756549494,0.004994932303378363
angx,-0.08502603955091163,0.21948640537376318,0.01698222422614921,1.0,0.14658168601699684,0.018310975115591516,-0.014020840148108052,-0.003465338691845054,-0.07000398591409723
angy,-0.016625561214805504,0.043880527387389595,0.003989328164155925,0.14658168601699684,1.0,-0.11459133796803371,0.022149755851290677,-0.013724518497556126,0.02140442116148974
angz,-0.06488244804081388,-0.0810082866580677,0.155962560707718,0.018310975115591516,-0.11459133796803371,1.0,0.013709954454747207,0.06984944144143503,-0.00016026093950806804
magx,-0.06234781754518165,-0.005836243131425197,0.038015899397785866,-0.014020840148108052,0.022149755851290677,0.013709954454747207,1.0,-0.05309496858375688,0.13837126668874394
magy,0.11736557627313353,0.004819371209356032,0.0030403329756549494,-0.003465338691845054,-0.013724518497556126,0.06984944144143503,-0.05309496858375688,1.0,-0.586986194649335
magz,-0.0668895952045326,-0.12467691724480172,0.004994932303378363,-0.07000398591409723,0.02140442116148974,-0.00016026093950806804,0.13837126668874394,-0.586986194649335,1.0
