,mean,min,max,median,std,coefficient variation,skewness,kurt,signal_power,rms
accx,-0.8105687242224672,-9.955245907263974,14.350123745300243,-0.32748969409436446,2.5838747113888547,-3.187730582459149,0.1956134728121591,5.408877721776189,7.307751686518804,2.7032853505538044
accy,-0.17165064986014442,-7.876530683962779,11.077281010664256,-0.27513598891895064,2.3977943258756844,-13.969037273260149,0.42415381393329865,2.9112312419444475,5.7567684300713395,2.399326661809796
accz,9.753575747066584,1.9002006792006843,24.327873882626722,8.83564463748911,4.126009744647639,0.4230253449242498,0.876008762538876,0.67839436080971,112.09071951125843,10.587290470713384
angx,-0.059285015127692325,-2.5692973,2.5914412,-0.0578794385,0.7936833179268493,-13.387587339184398,-0.12616948350846088,0.7304195467049293,0.63102510213885,0.7943708844984502
angy,-0.012443433997307692,-1.5923718,1.7366886,0.026267185,0.3921570955425921,-31.515182676055556,-0.5091360350397731,3.230614865073272,0.1533505374510301,0.3915999712091794
angz,-0.016781160795769228,-2.277762,2.2690573,-0.042302385,0.4923477687212333,-29.339315361626312,-0.2390176480587744,5.06601510170203,0.24175560070179675,0.49168648618992644
magx,15.338726476923078,2.6625001,40.425003,12.543751,8.257924408751089,0.5383709280672703,0.9741275250801614,0.25627783844167906,303.2075634916594,17.41285627034403
magy,-34.63651535215385,-61.256252,5.0062504,-36.478126,14.124541701906525,-0.4077933810113551,0.36802637922970466,0.2761310234451395,1398.4235560354668,37.39550181553213
magz,222.61883102307692,12.1125,277.3875,262.59375,87.3784315923019,0.3925024275383251,-1.833148362453296,1.4995906518099833,57164.768886275204,239.09154917369037
