,mean,min,max,median,std,coefficient variation,skewness,kurt,signal_power,rms
x(m/s2),-1.2614717561094027,-23.191236,13.070794,-0.71665037,3.61958010190523,-2.8693310685517384,-1.269431136548312,4.949112834448951,14.684923405916491,3.8320912575141644
y(m/s2),9.172608252208752,-1.8173488,36.059837,8.760123,6.349602613276525,0.6922352332824798,0.7822444784683015,0.6963708270027511,124.43035312165928,11.15483541436893
z(m/s2),-2.1801409029733887,-23.11347,16.16591,-2.0398812,3.7070189285112507,-1.7003574968275799,-0.996678005165004,5.1661022711072935,18.486877147128553,4.299636862239479
x(rad/s),0.004876622803820225,-1.446986,1.8464915,0.03176497,0.44499350723337044,91.25034375936838,-0.07476863963164211,0.2673359946954075,0.19792590108388922,0.44488863896922476
y(rad/s),-0.06843771690506209,-3.5920377,3.8156142,-0.037568185,0.8941561009047779,-13.065253216222361,-0.04886362368701342,1.48635618822827,0.8037260477699545,0.8965076953211023
z(rad/s),8.417019645180746e-05,-1.5793909,1.3649774,-0.0021380268,0.4014023861120041,4768.93726084899,-0.16100247411910096,0.4732557430435942,0.1610285994702716,0.4012836895143778
x(μT),6.525144392534594,-18.075,35.756252,6.5062504,8.07916433685685,1.2381587058977894,0.15835372288410546,0.017796894466669766,107.81180555009504,10.38324638781605
y(μT),-29.21317724600828,-47.381252,-11.2875,-29.325,8.626756552870168,-0.29530360495275937,0.028945002862855965,-0.8737988578855158,927.7866434181716,30.45959033569184
z(μT),6.174759940102897,-48.468754,42.73125,9.84375,17.331890788616793,2.8068930544250392,-0.303952455771557,-1.0454710571168673,338.34445555233594,18.39414188137995
