,mean,min,max,median,std,coefficient variation,skewness,kurt,signal_power,rms
x(m/s2),-1.468862155399324,-23.191236,20.075783,-0.44865423,3.6779476097829242,-2.5039433389057804,-0.7236724566314647,1.0424281924062049,15.684038180444201,3.9603078391009205
y(m/s2),8.563633434756158,-6.5539412,39.192043,9.126225,5.399342584174274,0.6304966957437286,1.621025325728639,6.463631734262394,102.48695835535327,10.123584264249162
z(m/s2),-2.1440372584725376,-34.886158,16.16591,-1.9669002,2.342650908664724,-1.0926353538901108,-2.4453220850747113,19.156641468439194,10.084577803838151,3.1756224277829617
x(rad/s),0.0007900813793867693,-2.0825908,2.540434,-0.0009162972,0.32170359989799635,407.17780255458024,0.6792490873622445,9.907273066020199,0.10348758384383823,0.3216948613886119
y(rad/s),-0.016540441455352484,-4.1560187,3.8156142,0.0001527162,0.43329909179051007,-26.196343849715966,-0.5290061157125097,12.088408135356138,0.18801035717857104,0.43360161113465784
z(rad/s),0.00029115443859005377,-2.0358596,2.9411612,-0.0019853106,0.3205791034034339,1101.062051315007,0.5252087940843343,6.488588628577931,0.10276484333052664,0.3205695608296687
x(μT),15.411048567373975,-25.987501,35.756252,15.843751,10.585950715453558,0.6869065832330572,-0.3795137292218946,0.3940665090886699,349.55600671322424,18.696416948528512
y(μT),-18.923946198502414,-49.0125,18.2625,-20.775002,11.803709046008732,-0.623744589114444,0.7165016739904786,0.7102406501750576,497.4348775299425,22.303248138554675
z(μT),-6.240698066331965,-48.468754,53.268753,-11.26875,13.044596751472415,-2.0902464135938423,1.5594960465741978,1.582921123757326,209.0975462720696,14.46020560960561
