,x(m/s2),y(m/s2),z(m/s2),x(rad/s),y(rad/s),z(rad/s),x(μT),y(μT),z(μT)
x(m/s2),1.0,0.06583026074274939,-0.07397626775056815,0.03919333454708071,0.009600598497873994,0.0919827942177222,-0.7081180061192219,-0.3873650045922425,0.44795397231805567
y(m/s2),0.06583026074274939,1.0,0.5116155783966525,-0.14185437614302324,-0.13348640118989227,0.14345620405376155,-0.11754119858446771,-0.1535975031930775,-0.3664455023983067
z(m/s2),-0.07397626775056815,0.5116155783966525,1.0,-0.26732654743163664,-0.2778385269824509,-0.003238978082987791,-0.1416593740788179,-0.07209257644613816,-0.6777678161205565
x(rad/s),0.03919333454708071,-0.14185437614302324,-0.26732654743163664,1.0,0.37366166148970553,0.017867673853300913,-0.022563629459120972,0.09641705602443004,0.04319896260302106
y(rad/s),0.009600598497873994,-0.13348640118989227,-0.2778385269824509,0.37366166148970553,1.0,-0.16123823393504447,-0.03784526929689525,0.0471446002616384,0.07607221496992159
z(rad/s),0.0919827942177222,0.14345620405376155,-0.003238978082987791,0.017867673853300913,-0.16123823393504447,1.0,0.008897068793881094,0.04706262542481414,0.012455119239961806
x(μT),-0.7081180061192219,-0.11754119858446771,-0.1416593740788179,-0.022563629459120972,-0.03784526929689525,0.008897068793881094,1.0,0.588465143032445,-0.11581264076775409
y(μT),-0.3873650045922425,-0.1535975031930775,-0.07209257644613816,0.09641705602443004,0.0471446002616384,0.04706262542481414,0.588465143032445,1.0,0.0619838870478575
z(μT),0.44795397231805567,-0.3664455023983067,-0.6777678161205565,0.04319896260302106,0.07607221496992159,0.012455119239961806,-0.11581264076775409,0.0619838870478575,1.0
