,x(m/s2),y(m/s2),z(m/s2),x(rad/s),y(rad/s),z(rad/s),x(μT),y(μT),z(μT)
x(m/s2),1.0,0.8619315984099346,0.060103312754031406,-0.032236575272953226,0.018694318104680748,0.028571036901475052,-0.7442135849186086,-0.8744196731076406,0.32361896370440574
y(m/s2),0.8619315984099346,1.0,-0.038907051735048145,0.018452103325039312,0.007392245862536393,0.03390446264966808,-0.5647496822807453,-0.8568473282164482,0.31200507602498273
z(m/s2),0.060103312754031406,-0.038907051735048145,1.0,-0.05352574105818094,-0.2325758125251525,0.010571568975377013,-0.2546003747022835,-0.11776879468221414,-0.4438310680951851
x(rad/s),-0.032236575272953226,0.018452103325039312,-0.05352574105818094,1.0,-0.3611933403740971,-0.40608480095403165,-0.021200761064733134,-0.003790208682929825,-0.0007555742853644301
y(rad/s),0.018694318104680748,0.007392245862536393,-0.2325758125251525,-0.3611933403740971,1.0,0.3098574870684932,-0.00820154884438156,-0.0043015175219117486,0.007325984849453718
z(rad/s),0.028571036901475052,0.03390446264966808,0.010571568975377013,-0.40608480095403165,0.3098574870684932,1.0,0.06322771406718607,0.03034571534164137,-0.012115390279749491
x(μT),-0.7442135849186086,-0.5647496822807453,-0.2546003747022835,-0.021200761064733134,-0.00820154884438156,0.06322771406718607,1.0,0.7145868505471645,-0.004369429512368564
y(μT),-0.8744196731076406,-0.8568473282164482,-0.11776879468221414,-0.003790208682929825,-0.0043015175219117486,0.03034571534164137,0.7145868505471645,1.0,0.010511446031085253
z(μT),0.32361896370440574,0.31200507602498273,-0.4438310680951851,-0.0007555742853644301,0.007325984849453718,-0.012115390279749491,-0.004369429512368564,0.010511446031085253,1.0
