,x(m/s2),y(m/s2),z(m/s2),x(rad/s),y(rad/s),z(rad/s),x(μT),y(μT),z(μT)
x(m/s2),1.0,-0.0947031949360566,0.15521014634003177,0.007657314786159527,-0.04286086630448933,-0.015364002605333556,-0.37917652805050706,-0.04461342801423643,-0.016103929519707492
y(m/s2),-0.0947031949360566,1.0,-0.3637840691566176,0.02231603353743462,-0.005161222359638165,0.2554138533876301,-0.02356453767060432,-0.023610923913700878,-0.017594783039938524
z(m/s2),0.15521014634003177,-0.3637840691566176,1.0,-0.11270864802849109,-0.2459567669454333,-0.04484807557422098,-0.01627575345932716,-0.07614585865389142,-0.07549930414773073
x(rad/s),0.007657314786159527,0.02231603353743462,-0.11270864802849109,1.0,-0.005626669642199786,0.08685021694615253,0.029169340432009864,0.004131202019542511,-0.001036724651073816
y(rad/s),-0.04286086630448933,-0.005161222359638165,-0.2459567669454333,-0.005626669642199786,1.0,-0.3710579045273554,0.07752360253018148,0.02857038309894389,0.028042087111999032
z(rad/s),-0.015364002605333556,0.2554138533876301,-0.04484807557422098,0.08685021694615253,-0.3710579045273554,1.0,-0.015438650943357824,-0.021322309390613553,-0.013278414994428582
x(μT),-0.37917652805050706,-0.02356453767060432,-0.01627575345932716,0.029169340432009864,0.07752360253018148,-0.015438650943357824,1.0,0.12718583101837858,0.33978840010361655
y(μT),-0.04461342801423643,-0.023610923913700878,-0.07614585865389142,0.004131202019542511,0.02857038309894389,-0.021322309390613553,0.12718583101837858,1.0,0.43430721769272435
z(μT),-0.016103929519707492,-0.017594783039938524,-0.07549930414773073,-0.001036724651073816,0.028042087111999032,-0.013278414994428582,0.33978840010361655,0.43430721769272435,1.0
