,x(m/s2),y(m/s2),z(m/s2),x(rad/s),y(rad/s),z(rad/s),x(μT),y(μT),z(μT)
x(m/s2),1.0,-0.20569590237801297,0.26459664949167255,0.010192770950390265,0.00514712023559856,0.027939338572446567,-0.932900145912064,-0.6788726907413194,0.7287002835361583
y(m/s2),-0.20569590237801297,1.0,0.1544907003918807,-0.08261912085238249,0.001992624089624345,0.16306722990616895,0.18826082245878775,-0.11053934408428226,-0.3125230111829374
z(m/s2),0.26459664949167255,0.1544907003918807,1.0,-0.0376004263126862,-0.11465375642554902,-0.00013499152874207312,-0.2786809129760823,-0.5899147450336041,-0.10026748672006097
x(rad/s),0.010192770950390265,-0.08261912085238249,-0.0376004263126862,1.0,0.11502745591629028,-0.240147434936303,0.0012620852036608874,-0.01689544650290897,-0.011881109966788143
y(rad/s),0.00514712023559856,0.001992624089624345,-0.11465375642554902,0.11502745591629028,1.0,-0.09177138635597427,-0.025084039763397164,-0.014987209418314298,-0.003716563203464126
z(rad/s),0.027939338572446567,0.16306722990616895,-0.00013499152874207312,-0.240147434936303,-0.09177138635597427,1.0,0.00941283790495438,0.020781678280310547,0.012786741511116041
x(μT),-0.932900145912064,0.18826082245878775,-0.2786809129760823,0.0012620852036608874,-0.025084039763397164,0.00941283790495438,1.0,0.6742533257066154,-0.6503912738029467
y(μT),-0.6788726907413194,-0.11053934408428226,-0.5899147450336041,-0.01689544650290897,-0.014987209418314298,0.020781678280310547,0.6742533257066154,1.0,-0.2675429115855401
z(μT),0.7287002835361583,-0.3125230111829374,-0.10026748672006097,-0.011881109966788143,-0.003716563203464126,0.012786741511116041,-0.6503912738029467,-0.2675429115855401,1.0
