,mean,min,max,median,std,coefficient variation,skewness,kurt,signal_power,rms
x(m/s2),-0.5695546738915299,-20.220549,20.075783,-0.21774685,3.47397898529521,-6.099465327110668,0.08683133421552926,6.334099749924382,12.388882165304414,3.519784391877493
y(m/s2),9.236671121422162,-6.5539412,39.192043,5.736792,10.580593344085232,1.1454985464997423,0.8668687944250729,-0.12464528745855885,197.22757019189652,14.043773360172704
z(m/s2),-2.147843911700703,-34.886158,11.410174,-0.9236295,4.043831036702222,-1.8827397161743662,-2.0771420793500734,7.161604603672675,20.960328342762942,4.578245116063899
x(rad/s),-0.00233220700060261,-2.0825908,2.540434,-0.10354158,0.6068821963879912,-260.21798075007115,0.5837680732879471,2.0049954634244767,0.3681881365025299,0.6067850826301928
y(rad/s),0.013485806528844997,-2.4964516,2.3470953,-0.0021380268,0.3851217609908471,28.55756236507652,0.46549466168054826,4.731084607631726,0.14845098300553117,0.3852933726467809
z(rad/s),-0.0018599985290592587,-1.966221,2.9411612,-0.044898562,0.5886383339595612,-316.47247283430914,0.4651413990182858,0.5093057430071535,0.3463825467673336,0.5885427314709898
x(μT),17.289264494040843,-25.987501,31.331251,17.681252,4.414062862145957,0.25530657268083146,-3.4506538901093093,28.846943751627716,318.39609477959,17.843656990078856
y(μT),-20.007794811851355,-30.750002,-8.231251,-20.456251,2.793033382710778,-0.13959726241576415,0.5860040196457743,0.5159450118047602,408.11027704772033,20.201739455990424
z(μT),-12.996186070940745,-27.206251,20.2875,-13.668751,3.634807356408284,-0.279682618928922,2.778479497706545,20.091468007868365,182.1082538004052,13.494749119580002
