,mean,min,max,median,std,coefficient variation,skewness,kurt,signal_power,rms
arm_x,0.8823054331119214,0.18625200670059922,0.14520086087899056,0.8209969247963114,0.2574180730810589,0.4860073846448091,0.23535516569469947,0.600615096043394,4.232409961730886,0.35805745471843253
arm_y,0.6999715337090074,0.04805465638208207,2.4673512194253986,0.677075311191451,0.5129748949479542,0.19333994428535126,0.18308247083311782,0.6756952896701397,5.257797352880708,0.3214929706596036
arm_z,0.9194799258035087,0.15345878925626907,1.0625560173468505,1.0092269934935352,0.4135759477000518,1.0495758913486246,0.743095695183139,2.5983124438666447,5.3941102766757885,0.610071114021612
gyro_arm_x,0.12760278029054736,2.0136475571708172,0.6418082785380693,0.15881139569199687,0.040880279107185315,6.367071608504579,0.44280213497946963,6.297724134230998,0.05797018623852838,0.049652197495326365
gyro_arm_y,0.0966251802388386,0.5971484267751194,0.184576688939855,0.08443965570749327,0.07625011466635116,0.40081676737422683,0.3426981798752931,0.7566815865357327,0.06334155733342621,0.043506638114612986
gyro_arm_z,0.10607698614494104,0.5219404042608696,0.5680215303137726,0.13107027553568354,0.04232777270413589,2.2092573345426607,0.25058344408547184,0.31551060954823884,0.03363796133006701,0.027149419610388234
magnetometer_arm_x,0.27391165393963335,56.083537593486376,31.541365918425285,0.11317730503948219,3.34572324445778,439.96043548382994,0.20799796008884866,2.8415218561131144,173.13655819970273,3.3457461151169183
magnetometer_arm_y,0.2909441594924589,28.582184731052322,2.2414024627451417,0.10502020151499424,4.0738999792275505,679.3378250848654,0.2870647298790766,3.047660742503653,277.5793957570087,4.074223066669133
magnetometer_arm_z,0.39678973071092605,81.38986302974098,68.26123749244515,0.16698651245609628,9.884479856354684,496.0403761319254,0.23690970281555643,3.6176713755056666,1386.0764173446419,9.884657878623026
