,mean,min,max,median,std,coefficient variation,skewness,kurt,signal_power,rms
arm_x,-5.070617640310385,-22.345,19.801,-2.43125,10.047234923230526,-1.9814617539601174,-0.30751808210503767,-0.7296168029295078,126.64833198564364,11.253814108365379
arm_y,-3.0114099999874298,-18.932,21.965,-1.0892499999999998,7.959340806438899,-2.6430611595472295,-0.4982255770449051,0.13128226351905603,72.41357064647933,8.509616363061223
arm_z,1.1303984920324888,-18.228,25.741,0.460025,6.017224453588612,5.323100212889943,0.5417992640760543,2.778234447859762,37.48128990967798,6.122196493880116
gyro_arm_x,-0.6059195582285825,-1.0784,0.48039,-0.63529,0.2719554651394197,-0.4488309734290254,0.39835312660410543,-0.4700072465472207,0.4410911346634842,0.6641469224979396
gyro_arm_y,-0.34670541713401665,-1.0986,1.0657,-0.41273,0.48672826713465095,-1.4038669229864078,0.37974238081985584,-0.7928536018603554,0.35708614527747107,0.5975668542326215
gyro_arm_z,0.21842603262425064,-1.0151,1.1703,0.29095,0.6066195583373535,2.7772310426976268,-0.22091074184646906,-1.2354269290919015,0.41566163845511517,0.6447182628521664
magnetometer_arm_x,-1.6178356038967319,-260.28,204.94,-2.2421499999999996,35.40441932203549,-21.883817636822997,0.3360884621023139,2.977978218720162,1255.9690973954332,35.43965430694031
magnetometer_arm_y,1.0503211190388704,-358.13,335.25,1.964,55.76586278091332,53.09410785907422,-0.009728243708812326,4.510344951184841,3110.633926921299,55.773057356767694
magnetometer_arm_z,0.22503388849448852,-569.28,655.52,-7.134399999999999,122.45826016256757,544.1769725521442,0.7021358939034108,3.2562599421067144,14994.626110160807,122.45254636046083
