,mean,min,max,median,std,coefficient variation,skewness,kurt,signal_power,rms
arm_x,-1.8776064567207487,-21.585,19.655,-1.824,2.0097949027170356,-1.070402637103813,-0.183837827586921,1.784371830902158,7.564538902334161,2.750370684532207
arm_y,-9.311062186826772,-18.68,0.35841,-9.098,2.2723372131490716,-0.24404704506903185,-0.3063661535529781,0.10409432783863837,91.85921309746426,9.584321212139349
arm_z,0.516776442656719,-14.952,12.716,0.6394,1.7316367181691459,3.350842985928108,-0.2663615198980031,1.1001372091305281,3.2655177151414234,1.8070743524109414
gyro_arm_x,-0.20600310891047147,-0.98431,0.67451,-0.27059,0.44471673684110236,-2.158786530908013,0.19126230600708752,-1.131908137141754,0.24020327216515547,0.49010536843127467
gyro_arm_y,-0.8501822408617341,-1.152,-0.34702,-0.8809,0.16218398484521823,-0.19076378810363126,0.3577234035738722,-0.6877887837361083,0.7491125586519194,0.865512887629017
gyro_arm_z,0.09072927106480663,-0.80172,0.99569,0.049569,0.47360350427479114,5.219963730740247,0.17524322458699101,-1.334675354637285,0.23252415828312362,0.4822075883715681
magnetometer_arm_x,0.44810966081440934,-57.417,81.584,-0.080196,11.880104730728595,26.511601444024436,0.47476688357298996,2.086418502975608,141.33270615396884,11.888343288867834
magnetometer_arm_y,0.29188008346176936,-164.59,165.92,0.01378,23.03325526666442,78.91341880365513,0.06169251027941602,3.2918165205753587,530.5973054205006,23.034697858242044
magnetometer_arm_z,-0.17509124272081925,-121.14,100.7,-0.39888,22.572286915240426,-128.91728086727701,-0.055373136246885835,1.243883084569143,509.520799243737,22.57256740478887
