,arm_x,arm_y,arm_z,gyro_arm_x,gyro_arm_y,gyro_arm_z,magnetometer_arm_x,magnetometer_arm_y,magnetometer_arm_z
arm_x,1.0,-0.5893431363470018,0.07305193567609473,-0.2507713365792076,0.09240696877138413,0.3321945730133569,-0.01408438448793068,0.0097033402415218,0.05435485270573813
arm_y,-0.5893431363470018,1.0,0.5844740801509235,0.47657652065751793,-0.2878771068207144,0.10609479755237465,0.006528810154546817,-0.017764925114587455,-0.01897866241657795
arm_z,0.07305193567609473,0.5844740801509235,1.0,0.4408673841500062,-0.3996750210488063,0.4448025416909152,-0.036356691103571995,-0.006092721242048972,0.002739054979119596
gyro_arm_x,-0.2507713365792076,0.47657652065751793,0.4408673841500062,1.0,-0.6699976123816326,0.32227329641103925,0.04888910259068225,0.008606670488306633,-0.04877931625982995
gyro_arm_y,0.09240696877138413,-0.2878771068207144,-0.3996750210488063,-0.6699976123816326,1.0,-0.0647880005488787,-0.06945110153429139,-0.007671324111017586,0.046149500360218275
gyro_arm_z,0.3321945730133569,0.10609479755237465,0.4448025416909152,0.32227329641103925,-0.0647880005488787,1.0,-0.036875469592748865,0.008863879368521902,0.03312594133138664
magnetometer_arm_x,-0.01408438448793068,0.006528810154546817,-0.036356691103571995,0.04888910259068225,-0.06945110153429139,-0.036875469592748865,1.0,0.5401575069964895,0.2856202802665755
magnetometer_arm_y,0.0097033402415218,-0.017764925114587455,-0.006092721242048972,0.008606670488306633,-0.007671324111017586,0.008863879368521902,0.5401575069964895,1.0,0.22785988043191965
magnetometer_arm_z,0.05435485270573813,-0.01897866241657795,0.002739054979119596,-0.04877931625982995,0.046149500360218275,0.03312594133138664,0.2856202802665755,0.22785988043191965,1.0
