,arm_x,arm_y,arm_z,gyro_arm_x,gyro_arm_y,gyro_arm_z,magnetometer_arm_x,magnetometer_arm_y,magnetometer_arm_z
arm_x,1.0,0.10627255401846034,-0.066015658852585,-0.07520336857076038,0.14634779698876044,0.2514719366579542,0.049188618919374136,-0.06542132525601091,0.11842650206041633
arm_y,0.10627255401846034,1.0,-0.0451367554014481,-0.16678436072503267,0.15916690108941653,0.08177302719349568,0.17844355113512694,0.12025186969422294,0.19844863144484176
arm_z,-0.066015658852585,-0.0451367554014481,1.0,-0.06580506687183672,0.23491759090454284,0.39893510021001244,-0.28910802120927326,0.10210397097156095,-0.2880181183840185
gyro_arm_x,-0.07520336857076038,-0.16678436072503267,-0.06580506687183672,1.0,-0.5727450973874806,-0.6474595375036932,0.022218473746503355,0.013264552888530193,0.08807112687153122
gyro_arm_y,0.14634779698876044,0.15916690108941653,0.23491759090454284,-0.5727450973874806,1.0,0.8119782127425985,-0.06981180955894879,-0.015535957920101569,-0.09898467621357215
gyro_arm_z,0.2514719366579542,0.08177302719349568,0.39893510021001244,-0.6474595375036932,0.8119782127425985,1.0,-0.013392457354211226,-0.012863526488910659,-0.01886496252674671
magnetometer_arm_x,0.049188618919374136,0.17844355113512694,-0.28910802120927326,0.022218473746503355,-0.06981180955894879,-0.013392457354211226,1.0,-0.04736102236898376,0.6966460910834014
magnetometer_arm_y,-0.06542132525601091,0.12025186969422294,0.10210397097156095,0.013264552888530193,-0.015535957920101569,-0.012863526488910659,-0.04736102236898376,1.0,-0.3688100297565949
magnetometer_arm_z,0.11842650206041633,0.19844863144484176,-0.2880181183840185,0.08807112687153122,-0.09898467621357215,-0.01886496252674671,0.6966460910834014,-0.3688100297565949,1.0
