,arm_x,arm_y,arm_z,gyro_arm_x,gyro_arm_y,gyro_arm_z,magnetometer_arm_x,magnetometer_arm_y,magnetometer_arm_z
arm_x,1.0,0.4083233018811007,0.5482500047157747,0.85899977722022,-0.6067248495724324,-0.44557869642332293,0.053904060348258384,0.08809159818869876,0.03213605413486358
arm_y,0.4083233018811007,1.0,0.2830585871974226,0.22252906040166734,-0.07079006903504306,-0.1577766914310342,0.06195947639116074,0.08382045856360466,-0.008253726053046266
arm_z,0.5482500047157747,0.2830585871974226,1.0,0.5840667866112029,-0.39631448137474323,0.28925180740229445,0.14988662379323517,0.05574096751351112,-0.04258203285969564
gyro_arm_x,0.85899977722022,0.22252906040166734,0.5840667866112029,1.0,-0.7568168833922297,-0.02583573146822425,0.10217812033013172,0.12126517070538934,0.0026275925956574784
gyro_arm_y,-0.6067248495724324,-0.07079006903504306,-0.39631448137474323,-0.7568168833922297,1.0,-0.10253880975095706,-0.0643280047826481,-0.09649255464441654,-0.02102117698675759
gyro_arm_z,-0.44557869642332293,-0.1577766914310342,0.28925180740229445,-0.02583573146822425,-0.10253880975095706,1.0,0.16135705180113655,0.033821813822253466,-0.09921913577414858
magnetometer_arm_x,0.053904060348258384,0.06195947639116074,0.14988662379323517,0.10217812033013172,-0.0643280047826481,0.16135705180113655,1.0,0.3274971090744796,0.18957798921944763
magnetometer_arm_y,0.08809159818869876,0.08382045856360466,0.05574096751351112,0.12126517070538934,-0.09649255464441654,0.033821813822253466,0.3274971090744796,1.0,-0.11499973453821224
magnetometer_arm_z,0.03213605413486358,-0.008253726053046266,-0.04258203285969564,0.0026275925956574784,-0.02102117698675759,-0.09921913577414858,0.18957798921944763,-0.11499973453821224,1.0
