,mean,min,max,median,std,coefficient variation,skewness,kurt,signal_power,rms
arm_x,-2.440307952652995,-4.8764,1.6777,-2.65265,0.7506278790031092,-0.3075955549737318,1.198197733324778,0.6982342527182732,6.518526775300296,2.5531405710027593
arm_y,-9.303726494140625,-10.438,-8.5908,-9.31645,0.2507511587119351,-0.026951690687581496,-0.06395323381311778,-0.6032283065188868,86.62220077462011,9.307104854605438
arm_z,1.1392563605,-1.6161,3.2425,1.24885,0.9590199389104466,0.841794676037226,-0.1723695335346472,-0.8993163045414474,2.217594359390054,1.4891589436289376
gyro_arm_x,-0.34031829309895834,-0.90784,0.46078,-0.34902,0.4728119512419629,-1.389322762924407,0.22509719406327638,-1.5983277182258897,0.339360404799642,0.5825464829519118
gyro_arm_y,-0.7463031715494792,-1.1109,-0.1848,-0.7371650000000001,0.22710433796012466,-0.3043057387637912,0.7744607103640916,0.5247467959943397,0.6085431252664877,0.7800917415704949
gyro_arm_z,0.17230521027343754,-0.5431,0.99569,0.16164,0.45574161514705847,2.644967116338648,0.5384352408419077,-0.9380928964678965,0.23738274418285008,0.4872194004582023
magnetometer_arm_x,0.355636492996289,-9.8938,19.097,0.36266,0.770586897005477,2.16678240895126,2.2984382910929444,78.95574233640185,0.7202621514245391,0.8486825975737567
magnetometer_arm_y,0.34487411582470706,-30.916,57.527,0.35402,1.7930157194944663,5.199044048889485,2.824370221955498,137.02361793062957,3.333738874252608,1.8258529169274857
magnetometer_arm_z,-0.5530591050883138,-14.096,19.288,-0.70752,1.1286899494994636,-2.0408125263921506,0.42901160294656143,21.777566635626883,1.579773906388526,1.2568905705702969
