,mean,min,max,median,std,coefficient variation,skewness,kurt,signal_power,rms
arm_x,-6.026023750651041,-9.7326,1.5887,-6.77795,3.0675386710116412,-0.5090485530662288,1.005433494418885,-0.23276838360869156,45.722449433180216,6.761837726031305
arm_y,-4.440556799479166,-10.006,-0.92932,-3.3981,2.601176094182256,-0.5857770121277017,-0.701049766143853,-0.7971017863476222,26.484441511139114,5.146303674593942
arm_z,3.9990594667968753,-1.2495,8.2889,3.8909,2.5434897841017827,0.6360219959767291,-0.2373576054586544,-0.9312073476060552,22.46160631030387,4.739367712079732
gyro_arm_x,-0.3025117513346354,-1.0353,0.69216,-0.361765,0.5413805222682163,-1.7896181549302748,0.29486365414987725,-1.1805673940767516,0.38459668880342984,0.6201585997173867
gyro_arm_y,-0.22181055104166664,-0.8768,0.77413,-0.337781,0.5519757532692948,-2.488500888154808,0.3846597135427549,-1.3252804281660968,0.35386723487196103,0.5948674094888381
gyro_arm_z,0.4072034558333334,-0.28448,0.89224,0.51401,0.35574256517727154,0.8736236396846185,-0.5405792113190678,-0.9533588058372473,0.29236330756511236,0.5407063043511814
magnetometer_arm_x,0.3422895914934896,-5.9736,5.7846,0.36259,0.3929252909489481,1.1479323377451331,0.018212543607673357,17.47317908109961,0.2715474229866962,0.5211021233757316
magnetometer_arm_y,0.3362432869298503,-10.551,14.987,0.35393,0.5149354848196788,1.5314372207142641,0.8484877644158935,79.26432529978017,0.3782094700685362,0.6149873739098521
magnetometer_arm_z,-0.533884770423112,-7.9248,13.56,-0.36814,0.6324078203122585,-1.1845399145045203,0.3332791264617809,22.545660365267516,0.6849595804129869,0.8276228491366021
