,arm_x,arm_y,arm_z,gyro_arm_x,gyro_arm_y,gyro_arm_z,magnetometer_arm_x,magnetometer_arm_y,magnetometer_arm_z
arm_x,1.0,0.007696313767836815,-0.202280642502052,0.11552012075796533,0.23219932640931676,0.038974961715495846,-0.16120676818486315,-0.03339551025437132,-0.2142772956158711
arm_y,0.007696313767836815,1.0,0.10049386431343414,-0.26103613017522914,-0.1216920449520767,-0.13609893060861303,0.1084171457396046,0.04292597336398083,0.16032231190764695
arm_z,-0.202280642502052,0.10049386431343414,1.0,0.04977647902388763,-0.10091972261930907,0.3260291205132736,0.16314857842025965,0.016109898047935747,0.03433077131499793
gyro_arm_x,0.11552012075796533,-0.26103613017522914,0.04977647902388763,1.0,-0.3378847105421499,0.06897757514057581,-0.06390478714755463,0.1612492756343746,-0.192378212307088
gyro_arm_y,0.23219932640931676,-0.1216920449520767,-0.10091972261930907,-0.3378847105421499,1.0,0.3521584575866249,-0.19046427338151656,-0.08854577463341293,0.08475847975768452
gyro_arm_z,0.038974961715495846,-0.13609893060861303,0.3260291205132736,0.06897757514057581,0.3521584575866249,1.0,0.015210988029839868,0.08104983105912562,-0.09995167132033138
magnetometer_arm_x,-0.16120676818486315,0.1084171457396046,0.16314857842025965,-0.06390478714755463,-0.19046427338151656,0.015210988029839868,1.0,0.4720667200838919,-0.46827815379952403
magnetometer_arm_y,-0.03339551025437132,0.04292597336398083,0.016109898047935747,0.1612492756343746,-0.08854577463341293,0.08104983105912562,0.4720667200838919,1.0,-0.45132691746195075
magnetometer_arm_z,-0.2142772956158711,0.16032231190764695,0.03433077131499793,-0.192378212307088,0.08475847975768452,-0.09995167132033138,-0.46827815379952403,-0.45132691746195075,1.0
