,mean,min,max,median,std,coefficient variation,skewness,kurt,signal_power,rms
arm_x,-1.5562917125960731,-13.61,16.073,-1.6769,1.5460312196188994,-0.9934070888547893,0.036303658999153804,3.582379084176063,4.812174952397674,2.19366701037274
arm_y,-9.370362742270855,-18.79,-0.27097,-9.2294,2.3256246318312916,-0.24818939200081486,-0.644108939892758,1.5228889107421297,93.21204349126089,9.654638444357245
arm_z,1.2242901061863858,-16.596,13.705,0.87836,1.8415949113755707,1.5042144848430283,1.1256824933557097,3.8994945113679185,4.890242477803339,2.211389264196455
gyro_arm_x,-0.12371089991137474,-1.0294,0.81961,-0.26863,0.5481058463543762,-4.430538026536334,0.2713854461573108,-1.4081042020441923,0.31571416525321794,0.5618844767861254
gyro_arm_y,-0.8613723323789072,-1.117,-0.069815,-0.87269,0.13641340969596272,-0.15836753116880484,0.7066517756739992,0.3986171492395849,0.7605702790273291,0.8721068048280148
gyro_arm_z,0.04802823264137439,-0.94612,1.0733,0.096983,0.3758803650683317,7.826237702207804,0.3570139670251007,-0.45288273671373824,0.14358794400670535,0.3789299988212933
magnetometer_arm_x,0.4577640895942325,-81.0,71.063,0.17575,10.473737298058333,22.88020737350188,0.007815559391957041,3.739092709834857,109.90498167333622,10.483557682072256
magnetometer_arm_y,0.3685172370545728,-189.29,172.62,0.13684,20.455874208174592,55.508595396164154,-0.24095138890913223,7.643308940096986,418.564331262482,20.458844817400664
magnetometer_arm_z,-0.6016164329355421,-177.87,211.04,-0.8313,20.509441996811358,-34.09056148406233,0.21839846019133557,5.994564386727211,420.9848152402905,20.51791449539379
