,x(m/s2),y(m/s2),z(m/s2),x(rad/s),y(rad/s),z(rad/s),x(μT),y(μT),z(μT)
x(m/s2),1.0,0.11988874587683133,-0.04194415315776426,0.04266316899508924,0.1234099604757725,-0.019285859709431745,-0.029564868620356243,-0.002719244310014028,0.016239307199554787
y(m/s2),0.11988874587683133,1.0,0.03047279244440126,0.08311439372629706,0.10607009303896893,-0.05896032645984832,-0.02521129511346272,0.025884466389495955,0.047590553440932236
z(m/s2),-0.04194415315776426,0.03047279244440126,1.0,0.0278414512243478,0.02670689906727038,0.24384877561519697,0.014846889194995667,-0.003959104746665544,0.001546606591005826
x(rad/s),0.04266316899508924,0.08311439372629706,0.0278414512243478,1.0,-0.005626669642199786,0.08685021694615253,0.029169340432009864,0.004131202019542511,-0.001036724651073816
y(rad/s),0.1234099604757725,0.10607009303896893,0.02670689906727038,-0.005626669642199786,1.0,-0.3710579045273554,0.07752360253018148,0.02857038309894389,0.028042087111999032
z(rad/s),-0.019285859709431745,-0.05896032645984832,0.24384877561519697,0.08685021694615253,-0.3710579045273554,1.0,-0.015438650943357824,-0.021322309390613553,-0.013278414994428582
x(μT),-0.029564868620356243,-0.02521129511346272,0.014846889194995667,0.029169340432009864,0.07752360253018148,-0.015438650943357824,1.0,0.12718583101837858,0.33978840010361655
y(μT),-0.002719244310014028,0.025884466389495955,-0.003959104746665544,0.004131202019542511,0.02857038309894389,-0.021322309390613553,0.12718583101837858,1.0,0.43430721769272435
z(μT),0.016239307199554787,0.047590553440932236,0.001546606591005826,-0.001036724651073816,0.028042087111999032,-0.013278414994428582,0.33978840010361655,0.43430721769272435,1.0
