,mean,min,max,median,std,coefficient variation,skewness,kurt,signal_power,rms
x(m/s2),-0.01508001073286249,-44.78670012972455,23.959888751372244,0.0008267579355767771,1.9519094798569583,-129.43687603639034,-1.243956687346089,45.879120431039226,3.809948065888439,1.9519088262233046
y(m/s2),0.9881586172369656,-17.430661872003043,49.854596123263924,0.024088397007933016,4.089348788755244,4.1383526059709475,4.614915518238283,28.215996793716894,17.698221627199743,4.206925436372713
z(m/s2),9.356336663095323,-4.409025775779926,45.830205380833064,9.697454907060282,4.382639411154201,0.4684140352111173,0.9574367894772051,6.607619226640757,106.74740464654744,10.331863561165887
x(rad/s),0.0007900813793867693,-2.0825908,2.540434,-0.0009162972,0.32170359989799635,407.17780255458024,0.6792490873622445,9.907273066020199,0.10348758384383823,0.3216948613886119
y(rad/s),-0.016540441455352484,-4.1560187,3.8156142,0.0001527162,0.43329909179051007,-26.196343849715966,-0.5290061157125097,12.088408135356138,0.18801035717857104,0.43360161113465784
z(rad/s),0.00029115443859005377,-2.0358596,2.9411612,-0.0019853106,0.3205791034034339,1101.062051315007,0.5252087940843343,6.488588628577931,0.10276484333052664,0.3205695608296687
x(μT),15.411048567373975,-25.987501,35.756252,15.843751,10.585950715453558,0.6869065832330572,-0.3795137292218946,0.3940665090886699,349.55600671322424,18.696416948528512
y(μT),-18.923946198502414,-49.0125,18.2625,-20.775002,11.803709046008732,-0.623744589114444,0.7165016739904786,0.7102406501750576,497.4348775299425,22.303248138554675
z(μT),-6.240698066331965,-48.468754,53.268753,-11.26875,13.044596751472415,-2.0902464135938423,1.5594960465741978,1.582921123757326,209.0975462720696,14.46020560960561
