,x(m/s2),y(m/s2),z(m/s2),x(rad/s),y(rad/s),z(rad/s),x(μT),y(μT),z(μT)
x(m/s2),1.0,0.027213597288793745,0.030487231205374908,-0.14253750242240407,0.12451276571888377,0.5194386732475236,-0.07102396693087762,-0.2055472886239099,0.043005200502215096
y(m/s2),0.027213597288793745,1.0,0.09830715351348755,0.00764686129942754,0.3875192961116832,0.01563601124971387,-0.05631418930839384,0.019755290239059024,0.038243870911001045
z(m/s2),0.030487231205374908,0.09830715351348755,1.0,0.12246742715604324,0.07959802571800213,0.0029187354550166884,0.15338690547026362,0.10269121329617562,-0.011519476123958062
x(rad/s),-0.14253750242240407,0.00764686129942754,0.12246742715604324,1.0,-0.3611933403740971,-0.40608480095403165,-0.021200761064733134,-0.003790208682929825,-0.0007555742853644301
y(rad/s),0.12451276571888377,0.3875192961116832,0.07959802571800213,-0.3611933403740971,1.0,0.3098574870684932,-0.00820154884438156,-0.0043015175219117486,0.007325984849453718
z(rad/s),0.5194386732475236,0.01563601124971387,0.0029187354550166884,-0.40608480095403165,0.3098574870684932,1.0,0.06322771406718607,0.03034571534164137,-0.012115390279749491
x(μT),-0.07102396693087762,-0.05631418930839384,0.15338690547026362,-0.021200761064733134,-0.00820154884438156,0.06322771406718607,1.0,0.7145868505471645,-0.004369429512368564
y(μT),-0.2055472886239099,0.019755290239059024,0.10269121329617562,-0.003790208682929825,-0.0043015175219117486,0.03034571534164137,0.7145868505471645,1.0,0.010511446031085253
z(μT),0.043005200502215096,0.038243870911001045,-0.011519476123958062,-0.0007555742853644301,0.007325984849453718,-0.012115390279749491,-0.004369429512368564,0.010511446031085253,1.0
