,mean,min,max,median,std,coefficient variation,skewness,kurt,signal_power,rms
accx,0.50895862930489,-22.67678,34.339397,0.15194423,3.371719374986027,6.624741542531563,1.9297851187264978,7.85231416813685,11.627441892414945,3.4099035019212707
accy,9.012499840018519,-7.797013,39.022152,8.803194,4.0360753415249295,0.4478308364127124,0.12445206921039077,1.328388800235345,97.51493066335107,9.874964843651398
accz,-1.383661774185152,-31.080374,38.58307,-1.2251252,2.237606175450213,-1.6171626745762742,-0.5007205837519981,8.332454583397126,6.921362308261797,2.6308482107985243
angx,-0.0006733937086776787,-3.6464045,3.6189156,0.0024434591,0.32387197018149766,-480.95485004971977,0.08260498704339742,5.714878163043906,0.10489268962332902,0.32387140908596584
angy,0.0011479802899595796,-3.9270968,5.236333,0.007788526,0.4263177670465986,371.36331588202546,-0.052175460803155355,3.528990550179648,0.18174674091759496,0.426317652599086
angz,-0.0028863364198747693,-3.1884086,4.719541,-0.03573559,0.36174630430819626,-125.33061004853049,0.34078931880573715,2.396047625478027,0.13086770048047286,0.36175641042070406
magx,3.8435649745438356,-74.0625,54.7125,8.681251,19.67522056368512,5.119002981345522,-0.30602753647551306,-1.1446368034007637,401.8842811047265,20.0470516811008
magy,-34.28903290384352,-85.6875,19.125,-36.54375,11.960106485719878,-0.3488026774992318,0.5235948418113594,-0.08987420254081702,1318.780810605661,36.315021831270606
magz,17.689977078280197,-89.925,282.0375,6.9187503,69.04946819688372,3.9033102129715505,2.725133362123674,7.104577743314513,5080.727215545033,71.27922008232858
