,mean,min,max,median,std,coefficient variation,skewness,kurt,signal_power,rms
accx,0.4777663210140572,-22.67678,34.339397,0.13878371,3.345302543554849,7.00196392339765,1.9201595272520988,7.95201621811457,11.419220234868254,3.3792336756827357
accy,9.034300051567685,-7.797013,39.022152,8.782856,4.030243997909258,0.4461047314019536,0.14325764812245823,1.325620722643242,97.86131415838732,9.89248776387352
accz,-1.3845976619773999,-31.080374,38.58307,-1.2227324,2.2297668087525873,-1.6104077523633595,-0.5261457437163023,8.492846780309725,6.8889309311331886,2.6246773003805988
angx,-0.0004887157748397159,-3.6464045,3.6189156,0.0027488915,0.3225952835446566,-660.0877240978322,0.08781763628252301,5.458312390763913,0.10406712324664874,0.32259436332125946
angy,0.0010648385976029823,-3.9270968,5.236333,0.007788526,0.42545757728153366,399.55123550110324,-0.06491478781624281,3.4733337152925943,0.18101383579955507,0.4254572079534616
angz,-0.0028656366503240884,-3.1884086,4.719541,-0.037415467,0.36230974312980746,-126.43254792572259,0.3376542164990298,2.3276470225777857,0.13127551166819487,0.36231962639111187
magx,3.717971959715738,-74.0625,54.7125,8.587501,19.701511646434554,5.298994145168555,-0.2977808965661025,-1.1503346956401377,401.9697713768131,20.04918380824549
magy,-34.278844202234616,-85.6875,19.125,-36.506252,11.968580892126782,-0.3491535718507848,0.5119326106940089,-0.12323764899566259,1318.2849424095232,36.30819387424171
magz,17.14289805403779,-89.925,282.0375,6.6375003,68.10742511278843,3.9729236502544913,2.761508924634878,7.396167735904987,4932.463199323738,70.23149720263507
