,accx,accy,accz,angx,angy,angz,magx,magy,magz
accx,1.0,-0.5156197448530049,0.3545465790360025,0.01382040385998467,-0.06356034124931957,-0.01923464724576689,0.07095929520896212,-0.10785192245167752,0.6523740868006529
accy,-0.5156197448530049,1.0,-0.4677382107422466,0.06075770735243326,0.04827820350869552,0.2431088419169538,-0.05633323267699669,0.026305977722915163,-0.526287526358779
accz,0.3545465790360025,-0.4677382107422466,1.0,-0.06474732656256586,-0.12609400532609882,-0.04031059768558498,0.025559774763528623,-0.19581458910951297,0.2766201111590829
angx,0.01382040385998467,0.06075770735243326,-0.06474732656256586,1.0,0.1443436476539923,-0.04804068632857611,0.003932320960817755,-0.0001745807508978721,0.00208966644059837
angy,-0.06356034124931957,0.04827820350869552,-0.12609400532609882,0.1443436476539923,1.0,-0.18065858632857065,-0.003948055942110124,0.0008292913720434151,0.005876089587143416
angz,-0.01923464724576689,0.2431088419169538,-0.04031059768558498,-0.04804068632857611,-0.18065858632857065,1.0,0.0049523297954464085,0.00702375747358021,0.0017886716562890714
magx,0.07095929520896212,-0.05633323267699669,0.025559774763528623,0.003932320960817755,-0.003948055942110124,0.0049523297954464085,1.0,-0.12162514389533595,0.043874037519704714
magy,-0.10785192245167752,0.026305977722915163,-0.19581458910951297,-0.0001745807508978721,0.0008292913720434151,0.00702375747358021,-0.12162514389533595,1.0,0.15611113033421065
magz,0.6523740868006529,-0.526287526358779,0.2766201111590829,0.00208966644059837,0.005876089587143416,0.0017886716562890714,0.043874037519704714,0.15611113033421065,1.0
