,accx,accy,accz,angx,angy,angz,magx,magy,magz
accx,1.0,-0.4979329683987042,0.496547280013766,-0.08399700743621644,-0.02500779175184326,-0.02398204878557134,0.12362463507309886,-0.48939620019494645,0.7262304339693249
accy,-0.4979329683987042,1.0,-0.5492410726215562,0.08260715963206856,0.0019025857803948586,0.13632423274625824,-0.039565377015076605,0.35350738481834026,-0.447428180102031
accz,0.496547280013766,-0.5492410726215562,1.0,-0.10693167766698602,-0.14922591684619696,0.022806907248268313,-0.14453697145325603,-0.2058000430344547,0.40064683260897166
angx,-0.08399700743621644,0.08260715963206856,-0.10693167766698602,1.0,0.14658168601699684,0.018310975115591516,-0.014020840148108052,-0.003465338691845054,-0.07000398591409723
angy,-0.02500779175184326,0.0019025857803948586,-0.14922591684619696,0.14658168601699684,1.0,-0.11459133796803371,0.022149755851290677,-0.013724518497556126,0.02140442116148974
angz,-0.02398204878557134,0.13632423274625824,0.022806907248268313,0.018310975115591516,-0.11459133796803371,1.0,0.013709954454747207,0.06984944144143503,-0.00016026093950806804
magx,0.12362463507309886,-0.039565377015076605,-0.14453697145325603,-0.014020840148108052,0.022149755851290677,0.013709954454747207,1.0,-0.05309496858375688,0.13837126668874394
magy,-0.48939620019494645,0.35350738481834026,-0.2058000430344547,-0.003465338691845054,-0.013724518497556126,0.06984944144143503,-0.05309496858375688,1.0,-0.586986194649335
magz,0.7262304339693249,-0.447428180102031,0.40064683260897166,-0.07000398591409723,0.02140442116148974,-0.00016026093950806804,0.13837126668874394,-0.586986194649335,1.0
