,mean,min,max,median,std,coefficient variation,skewness,kurt,signal_power,rms
accx,2.4757733229620347,4.636517642484085,8.099723567462489,2.2656950519607424,0.8415623715792873,10.666605723368882,0.6360511503641166,1.1751647434336134,24.662990584267295,2.050988502365016
accy,2.0817655516115514,3.083635529278448,7.231359848783161,1.974270081910355,0.8253292521318106,0.6684436439752093,0.344565550399407,1.0962361116466983,22.938369557505293,1.8931359961463858
accz,1.2513707905348685,7.669657869215373,8.292871868578132,1.0545042862754523,0.7663854039549275,3.9882286544885512,0.6267166415129162,2.1175584691927973,8.21925991847808,1.1801505553429232
angx,0.0025480277248805428,0.7504950630124424,0.9702099459183359,0.023341612894715646,0.13016637410090656,667.8256311434086,0.3849329281397353,0.7915997261361589,0.10067564646113614,0.1301583101797931
angy,0.00823706929476853,0.8310778442810223,0.9636619708183978,0.013048535952343565,0.12134367231926561,805.020856656223,0.7345272276182389,8.052531101588027,0.11420596490569548,0.12136386374078628
angz,0.005136125152332495,0.7332384133317805,1.0634740036800663,0.03089011988412388,0.11756419687571602,273.637074023895,0.19443901540696076,0.7777201101166622,0.10225837206998088,0.1175862092238923
magx,11.411655670039861,14.065748876547714,7.768725501972767,16.092095724441112,5.221543617308402,7.844862367992577,0.8662866716717792,1.7003946042467966,137.2788329197747,3.302469116545605
magy,9.65694553746705,13.733568385255152,15.690236081932703,9.958413595148201,3.366814966140459,0.13695028126084854,1.0446754609859026,5.837780791141147,626.6233962279937,9.519769203445787
magz,60.450819311573376,57.85902447756838,57.51133200089569,62.4336949207921,4.090428502369332,6.172256048259179,1.0998386780666989,1.899115590979276,15282.240625695138,54.08936934037175
