,mean,min,max,median,std,coefficient variation,skewness,kurt,signal_power,rms
accx,0.8492608009894738,-9.693324,20.292332,0.5377869,3.054483643017648,3.5966379697012614,2.0345902976890486,8.920409527857602,10.04202079269662,3.1689147657670786
accy,9.080875053730018,-2.9300113,28.99144,9.32782075,4.2652086803935445,0.46969137392123755,0.30838402440670226,1.1920791892350504,100.6365658296502,10.031777800053698
accz,-1.805894268281969,-15.69572,11.867204,-1.5972091,2.259640377707573,-1.251258402773089,-0.0033650178095216963,4.491612566284057,8.362252161313652,2.8917558958725498
angx,-0.004157720952631577,-2.7467535,1.9419391,0.012064579,0.36324633811978374,-87.36669494134077,-0.2835083000728963,7.0206874057659565,0.13183658460781633,0.36309307981262373
angy,0.02635813177436647,-1.7702861,2.7928739,0.0004581486,0.522751726724437,19.832654726797365,0.7001897260002371,3.564582814022275,0.2736977744909614,0.5231613274038529
angz,-0.006766101861306045,-2.1426082,2.0709844,-0.033139413,0.3872119933626915,-57.22822406459439,0.39043344519635853,1.954057421395457,0.14983277428547634,0.3870823869481487
magx,15.675548853886939,-31.931252,39.956253,23.503126,16.616042786073212,1.059997512109636,-1.357475898827127,0.786617691899091,521.5466133670202,22.837395065265657
magy,-38.090790549707606,-65.53125,-26.306252,-37.096875,6.676001171302618,-0.1752654926547295,-1.5463133970810625,3.4203968901490516,1495.433876777927,38.67084013540341
magz,14.352887977534111,-41.925003,272.11877,13.8,63.781889106976465,4.443836613705284,3.032128044797198,8.953668129831833,4270.169732970117,65.34653573809493
