,accx,accy,accz,angx,angy,angz,magx,magy,magz
accx,1.0,-0.5102191256579554,0.3468561805639898,0.01631177824791585,-0.06421031535038162,-0.020064079561980454,0.06804119778719546,-0.10809839511334897,0.645512050362153
accy,-0.5102191256579554,1.0,-0.4662028340559941,0.05964184499237185,0.04948389047959007,0.24767641490253647,-0.054761550760241244,0.027684627748265887,-0.5176128863569995
accz,0.3468561805639898,-0.4662028340559941,1.0,-0.0646876968701089,-0.127819604365837,-0.04142528722192164,0.02536897511673404,-0.1963879673064487,0.2683883178047738
angx,0.01631177824791585,0.05964184499237185,-0.0646876968701089,1.0,0.147101866093191,-0.04872226309529318,0.004664483620965114,0.00019508198443656582,0.004633538405759279
angy,-0.06421031535038162,0.04948389047959007,-0.127819604365837,0.147101866093191,1.0,-0.179016405364788,-0.004632191830812977,0.0016828100498118056,0.006330839618231207
angz,-0.020064079561980454,0.24767641490253647,-0.04142528722192164,-0.04872226309529318,-0.179016405364788,1.0,0.005435355725548435,0.006331815391147839,0.002285454745164431
magx,0.06804119778719546,-0.054761550760241244,0.02536897511673404,0.004664483620965114,-0.004632191830812977,0.005435355725548435,1.0,-0.11880329002411168,0.04099385638960185
magy,-0.10809839511334897,0.027684627748265887,-0.1963879673064487,0.00019508198443656582,0.0016828100498118056,0.006331815391147839,-0.11880329002411168,1.0,0.15856068517790023
magz,0.645512050362153,-0.5176128863569995,0.2683883178047738,0.004633538405759279,0.006330839618231207,0.002285454745164431,0.04099385638960185,0.15856068517790023,1.0
