,mean,min,max,median,std,coefficient variation,skewness,kurt,signal_power,rms
accx,8.133922023134616,-9.623933,23.554947,8.0225365,5.275302729113189,0.6485558521595238,-0.2758279146993734,0.5928951454049707,93.88247244343958,9.68929679819127
accy,1.7698650716499997,-4.5726843,23.754747,0.95413803,4.104864085236637,2.319309054113248,2.1718294526492934,6.568719326561878,19.91752418719587,4.462905352704208
accz,1.0860837880153846,-11.076376,11.324033,0.6873383,3.1960840546654428,2.942760116607292,-0.2502097297628468,2.1855377038199375,11.355242997213134,3.3697541449211297
angx,-0.059285015127692325,-2.5692973,2.5914412,-0.0578794385,0.7936833179268493,-13.387587339184398,-0.12616948350846088,0.7304195467049293,0.63102510213885,0.7943708844984502
angy,-0.012443433997307692,-1.5923718,1.7366886,0.026267185,0.3921570955425921,-31.515182676055556,-0.5091360350397731,3.230614865073272,0.1533505374510301,0.3915999712091794
angz,-0.016781160795769228,-2.277762,2.2690573,-0.042302385,0.4923477687212333,-29.339315361626312,-0.2390176480587744,5.06601510170203,0.24175560070179675,0.49168648618992644
magx,15.338726476923078,2.6625001,40.425003,12.543751,8.257924408751089,0.5383709280672703,0.9741275250801614,0.25627783844167906,303.2075634916594,17.41285627034403
magy,-34.63651535215385,-61.256252,5.0062504,-36.478126,14.124541701906525,-0.4077933810113551,0.36802637922970466,0.2761310234451395,1398.4235560354668,37.39550181553213
magz,222.61883102307692,12.1125,277.3875,262.59375,87.3784315923019,0.3925024275383251,-1.833148362453296,1.4995906518099833,57164.768886275204,239.09154917369037
