,accx,accy,accz,angx,angy,angz,magx,magy,magz
accx,1.0,-0.4251239811637145,0.5997438982846325,0.01535874123062718,-0.19383481914429174,0.013955661997510482,-0.46731735001840363,-0.18059483785640734,0.6760582526477439
accy,-0.4251239811637145,1.0,-0.46086131616704756,0.1286637130024157,-0.04658938194941619,-0.03363475519407644,0.5660040244002278,0.2041111275159808,-0.7479180883864981
accz,0.5997438982846325,-0.46086131616704756,1.0,0.043805311379334674,-0.1335373561177532,0.07120777373776428,-0.4575761489181895,-0.14043019689223551,0.4901721751819295
angx,0.01535874123062718,0.1286637130024157,0.043805311379334674,1.0,0.07103529593002582,0.011929245629522928,0.07321718853368478,-0.10021200129969064,-0.003025595024885478
angy,-0.19383481914429174,-0.04658938194941619,-0.1335373561177532,0.07103529593002582,1.0,-0.11175709646151233,0.0014009185366043102,-0.04662333993139313,0.06023456964710256
angz,0.013955661997510482,-0.03363475519407644,0.07120777373776428,0.011929245629522928,-0.11175709646151233,1.0,0.0691888057608271,-0.01616756096156138,-0.06651142818101141
magx,-0.46731735001840363,0.5660040244002278,-0.4575761489181895,0.07321718853368478,0.0014009185366043102,0.0691888057608271,1.0,-0.15502623417447425,-0.7507830371039964
magy,-0.18059483785640734,0.2041111275159808,-0.14043019689223551,-0.10021200129969064,-0.04662333993139313,-0.01616756096156138,-0.15502623417447425,1.0,-0.21271409641258412
magz,0.6760582526477439,-0.7479180883864981,0.4901721751819295,-0.003025595024885478,0.06023456964710256,-0.06651142818101141,-0.7507830371039964,-0.21271409641258412,1.0
