,mean,min,max,median,std,coefficient variation,skewness,kurt,signal_power,rms
accx,1.248253180665802,-8.203793,22.91726,0.55812588,3.609955894025423,2.892006165047318,2.4336102990183752,8.145818868362182,14.5837704930791,3.818870316347375
accy,8.582297494498112,-3.2231321,21.428923,9.663414,3.383392460095861,0.39422922151846473,-1.1756044247352309,2.179186631616183,85.09777513228182,9.224845534331825
accz,-1.4270297651574058,-14.646467,11.152946,-1.3076776,2.3576763459210723,-1.6521563904877719,-0.09374442799049457,5.141480626908189,7.592429703821262,2.755436390813851
angx,-0.0026876608665566014,-1.7334815,3.2901177,-0.0006108648,0.2757388675612072,-102.59436783573089,1.034903882507815,21.003662749281602,0.07600328249020834,0.2756869283992412
angy,-0.0044838053651415095,-3.3322673,2.4475825,0.0059559317,0.4289613775886624,-95.66904507576106,0.023506682925367714,5.7478868067543605,0.1839411718113047,0.42888363434771526
angz,-0.0005250701056698111,-1.470046,2.6212208,-0.0043524115,0.2899730225563477,-552.255821508712,0.9762050339639031,7.204965589964061,0.08404496707803734,0.2899051001242257
magx,4.1126180989037735,-32.60625,36.787502,7.190625150000001,18.283259033404477,4.445649606579788,-0.2667490829331937,-1.1256614070234563,351.03351041524144,18.73588830067156
magy,-33.00724439148113,-60.018753,7.14375,-37.125,12.78106287738084,-0.3872199304428914,0.9639775021423358,0.18117083941368683,1252.7566960811878,35.394303158576065
magz,26.428462071179244,-44.925003,276.67502,11.071875,84.45125098580978,3.195465962353728,2.193866464169823,3.5768349445877385,7827.113243066437,88.47097401445536
