,accx,accy,accz,angx,angy,angz,magx,magy,magz
accx,1.0,-0.656933070065133,0.5126981833808185,-0.029557962864070232,-0.0415845462618384,0.03258320507518039,0.10662981224476062,-0.03780156443903606,0.7303179950086821
accy,-0.656933070065133,1.0,-0.419283262259652,0.07741886439914636,0.01406235917317556,0.06417596455847682,-0.08840663401409439,-0.18005918912340355,-0.7987226405655764
accz,0.5126981833808185,-0.419283262259652,1.0,-0.08102522406206428,-0.02091734991655603,-0.03351098901937416,0.12733101989317722,-0.22315527042980926,0.39400553954140266
angx,-0.029557962864070232,0.07741886439914636,-0.08102522406206428,1.0,0.003961775576139556,-0.08828498067443578,-0.02847119940461787,0.014053700813637335,-0.037430247839688374
angy,-0.0415845462618384,0.01406235917317556,-0.02091734991655603,0.003961775576139556,1.0,-0.37448660945909956,0.008380624510000252,-0.025794365767506322,-0.014028691732340061
angz,0.03258320507518039,0.06417596455847682,-0.03351098901937416,-0.08828498067443578,-0.37448660945909956,1.0,-0.035546890161078815,0.03707358315273557,0.0022620657844460196
magx,0.10662981224476062,-0.08840663401409439,0.12733101989317722,-0.02847119940461787,0.008380624510000252,-0.035546890161078815,1.0,-0.23425369642229377,0.05573954433182821
magy,-0.03780156443903606,-0.18005918912340355,-0.22315527042980926,0.014053700813637335,-0.025794365767506322,0.03707358315273557,-0.23425369642229377,1.0,0.3081287681867981
magz,0.7303179950086821,-0.7987226405655764,0.39400553954140266,-0.037430247839688374,-0.014028691732340061,0.0022620657844460196,0.05573954433182821,0.3081287681867981,1.0
