,arm_x,arm_y,arm_z,gyro_arm_x,gyro_arm_y,gyro_arm_z,magnetometer_arm_x,magnetometer_arm_y,magnetometer_arm_z
arm_x,1.0,-0.1661667663520545,0.09032948096311515,0.3783080812844862,-0.22179891939938828,0.09968300669428432,-0.03064410282439403,-0.05558440632714948,-0.05706982935707698
arm_y,-0.1661667663520545,1.0,0.1452713022530742,-0.1892982579203377,0.5920619810559906,0.08486159973726026,0.029582842109477998,0.049209821130136465,0.043234334473304575
arm_z,0.09032948096311515,0.1452713022530742,1.0,0.15502449934532367,0.10462565646489293,0.3969811224547123,0.050071948423608986,-0.0005311794248802582,-0.0072790938015763335
gyro_arm_x,0.3783080812844862,-0.1892982579203377,0.15502449934532367,1.0,-0.3022789619808282,0.10050762497936583,0.0033804882257863203,-0.006744904270850822,0.014182319161375894
gyro_arm_y,-0.22179891939938828,0.5920619810559906,0.10462565646489293,-0.3022789619808282,1.0,0.25261644998412536,-0.028532057179067646,0.010529218883092911,-0.01637024167375926
gyro_arm_z,0.09968300669428432,0.08486159973726026,0.3969811224547123,0.10050762497936583,0.25261644998412536,1.0,-0.010485839463276216,0.03184595921426112,-0.013609408683219503
magnetometer_arm_x,-0.03064410282439403,0.029582842109477998,0.050071948423608986,0.0033804882257863203,-0.028532057179067646,-0.010485839463276216,1.0,0.16609787494737452,-0.0592747117480603
magnetometer_arm_y,-0.05558440632714948,0.049209821130136465,-0.0005311794248802582,-0.006744904270850822,0.010529218883092911,0.03184595921426112,0.16609787494737452,1.0,-0.24524048608242935
magnetometer_arm_z,-0.05706982935707698,0.043234334473304575,-0.0072790938015763335,0.014182319161375894,-0.01637024167375926,-0.013609408683219503,-0.0592747117480603,-0.24524048608242935,1.0
